wavelength,ref,bg,raw 1,raw 2,raw 3,raw 4,raw 5,raw 6,raw 7,raw 8,raw 9,raw 10,raw 11,raw 12,raw 13,raw 14,raw 15,raw 16,raw 17,raw 18,raw 19,raw 20,raw 21
hb,,
ohb,,
bv,,
331.72095365766864,27.0,0.0,10327.0,10402.0,10424.0,10264.0,10180.0,10367.0,10289.0,10458.0,10427.0,10267.0,10145.0,10307.0,10414.0,10347.0,10290.0,10271.0,10279.0,10430.0,10273.0,10399.0,10254.0
333.07710696086156,63.0,0.0,10604.0,10511.0,10538.0,10488.0,10603.0,10533.0,10812.0,10658.0,10719.0,10646.0,10487.0,10540.0,10747.0,10496.0,10722.0,10677.0,10738.0,10696.0,10706.0,10721.0,10615.0
334.42897982607053,-19.0,0.0,10449.0,10259.0,10366.0,10357.0,10441.0,10389.0,10350.0,10297.0,10461.0,10351.0,10346.0,10183.0,10302.0,10371.0,10294.0,10447.0,10381.0,10315.0,10414.0,10288.0,10323.0
335.7766146536195,-37.0,0.0,10249.0,10261.0,10287.0,10225.0,10215.0,10254.0,10339.0,10390.0,10252.0,10245.0,10242.0,10293.0,10344.0,10267.0,10229.0,10273.0,10248.0,10214.0,10170.0,10275.0,10117.0
337.12005352876656,0.0,0.0,10324.0,10433.0,10345.0,10487.0,10433.0,10439.0,10515.0,10409.0,10369.0,10101.0,10433.0,10229.0,10392.0,10440.0,10335.0,10394.0,10513.0,10479.0,10199.0,10434.0,10307.0
338.45933822280716,-14.0,0.0,10181.0,10154.0,10335.0,10273.0,10260.0,10441.0,10262.0,10486.0,10242.0,10280.0,10277.0,10191.0,10339.0,10300.0,10175.0,10204.0,10352.0,10407.0,10405.0,10202.0,10270.0
339.7945101941768,-43.0,0.0,10485.0,10343.0,10353.0,10469.0,10315.0,10304.0,10509.0,10314.0,10389.0,10303.0,10370.0,10413.0,10472.0,10392.0,10367.0,10413.0,10305.0,10405.0,10522.0,10511.0,10458.0
341.1256105895536,31.0,0.0,10204.0,10313.0,10445.0,10347.0,10288.0,10204.0,10356.0,10259.0,10364.0,10200.0,10286.0,10258.0,10380.0,10223.0,10521.0,10140.0,10279.0,10289.0,10353.0,10346.0,10340.0
342.45268024496164,15.0,0.0,10351.0,10428.0,10520.0,10495.0,10444.0,10462.0,10473.0,10349.0,10401.0,10387.0,10383.0,10386.0,10346.0,10342.0,10334.0,10444.0,10388.0,10406.0,10445.0,10347.0,10540.0
343.77575968687324,32.0,0.0,10370.0,10366.0,10366.0,10423.0,10418.0,10469.0,10459.0,10242.0,10307.0,10537.0,10369.0,10272.0,10353.0,10432.0,10305.0,10333.0,10285.0,10398.0,10478.0,10482.0,10352.0
345.09488913331217,-26.0,0.0,10572.0,10269.0,10341.0,10408.0,10317.0,10370.0,10483.0,10317.0,10397.0,10324.0,10414.0,10049.0,10275.0,10274.0,10236.0,10041.0,10350.0,10376.0,10299.0,10315.0,10308.0
346.41010849495603,45.0,0.0,10717.0,10548.0,10758.0,10791.0,10725.0,10734.0,10759.0,10637.0,10633.0,10705.0,10680.0,10657.0,10609.0,10744.0,10740.0,10745.0,10676.0,10644.0,10971.0,10750.0,10634.0
347.7214573762394,33.0,0.0,10500.0,10436.0,10295.0,10357.0,10295.0,10357.0,10338.0,10346.0,10363.0,10293.0,10390.0,10322.0,10226.0,10439.0,10441.0,10265.0,10213.0,10632.0,10367.0,10363.0,10301.0
349.02897507645656,82.0,0.0,10368.0,10252.0,10496.0,10353.0,10363.0,10391.0,10454.0,10375.0,10453.0,10359.0,10360.0,10366.0,10309.0,10481.0,10427.0,10350.0,10523.0,10597.0,10329.0,10295.0,10356.0
350.33270059086425,13.0,0.0,10421.0,10385.0,10382.0,10403.0,10264.0,10182.0,10359.0,10443.0,10356.0,10285.0,10392.0,10264.0,10262.0,10379.0,10260.0,10138.0,10301.0,10404.0,10334.0,10300.0,10274.0
351.6326726117844,27.0,0.0,10142.0,10184.0,10308.0,10307.0,10267.0,10197.0,10183.0,10180.0,10270.0,10201.0,10215.0,10378.0,10149.0,10185.0,10118.0,10190.0,10110.0,10163.0,10351.0,10380.0,10271.0
352.92892952970715,-24.0,0.0,10226.0,10253.0,10301.0,10184.0,10232.0,10334.0,10581.0,10278.0,10245.0,10302.0,10352.0,10252.0,10157.0,10353.0,10398.0,10327.0,10369.0,10248.0,10190.0,10338.0,10185.0
354.22150943439345,-65.0,0.0,10312.0,10342.0,10352.0,10218.0,10046.0,10166.0,10366.0,10267.0,10166.0,10386.0,10157.0,10240.0,10285.0,10263.0,10246.0,10272.0,10450.0,10327.0,10170.0,10328.0,10099.0
355.5104501159779,-46.0,0.0,10191.0,10178.0,10086.0,10019.0,10172.0,10010.0,10285.0,10213.0,10224.0,10088.0,10079.0,9992.0,10132.0,10121.0,10208.0,10078.0,9982.0,10193.0,10184.0,9974.0,10104.0
356.7957890660716,22.0,0.0,10475.0,10237.0,10504.0,10331.0,10361.0,10380.0,10300.0,10408.0,10396.0,10269.0,10367.0,10363.0,10201.0,10431.0,10613.0,10565.0,10368.0,10321.0,10409.0,10357.0,10369.0
358.0775634788652,-21.0,0.0,10428.0,10402.0,10277.0,10376.0,10546.0,10364.0,10481.0,10363.0,10344.0,10514.0,10352.0,10531.0,10482.0,10511.0,10384.0,10382.0,10420.0,10458.0,10412.0,10307.0,10339.0
359.35581025223104,-80.0,0.0,10477.0,10382.0,10426.0,10437.0,10412.0,10498.0,10575.0,10333.0,10470.0,10387.0,10456.0,10490.0,10268.0,10463.0,10360.0,10427.0,10444.0,10471.0,10421.0,10501.0,10541.0
360.63056598882656,30.0,0.0,10526.0,10404.0,10497.0,10372.0,10444.0,10310.0,10398.0,10392.0,10401.0,10318.0,10387.0,10422.0,10299.0,10410.0,10410.0,10238.0,10211.0,10353.0,10376.0,10383.0,10375.0
361.90186699719703,76.0,0.0,10165.0,10257.0,10379.0,10427.0,10424.0,10550.0,10443.0,10427.0,10484.0,10340.0,10442.0,10297.0,10430.0,10485.0,10313.0,10402.0,10377.0,10466.0,10535.0,10428.0,10347.0
363.16974929287795,46.0,0.0,10258.0,10359.0,10325.0,10220.0,10343.0,10420.0,10418.0,10305.0,10264.0,10312.0,10202.0,10339.0,10428.0,10264.0,10349.0,10326.0,10300.0,10256.0,10292.0,10264.0,10297.0
364.43424859949835,47.0,0.0,9945.0,10199.0,10047.0,9923.0,10061.0,10131.0,10142.0,10095.0,10147.0,10106.0,10333.0,10131.0,10241.0,10127.0,9933.0,10092.0,10112.0,10236.0,10210.0,10181.0,10055.0
365.69540034988336,-14.0,0.0,10208.0,10354.0,10297.0,10170.0,10197.0,10269.0,10368.0,10073.0,10169.0,10127.0,10206.0,10176.0,10131.0,10421.0,10268.0,10347.0,10353.0,10226.0,10290.0,10135.0,10156.0
366.95323968715695,9.0,0.0,10407.0,10559.0,10597.0,10504.0,10586.0,10458.0,10364.0,10518.0,10383.0,10415.0,10471.0,10427.0,10383.0,10369.0,10504.0,10449.0,10574.0,10546.0,10567.0,10581.0,10346.0
368.20780146584485,-7.0,0.0,9933.0,10097.0,10236.0,10074.0,10140.0,10272.0,10371.0,10062.0,9993.0,10188.0,10161.0,10261.0,9971.0,10307.0,10136.0,10138.0,10245.0,10100.0,10229.0,10269.0,10045.0
369.45912025297724,23.0,0.0,10442.0,10341.0,10421.0,10361.0,10325.0,10307.0,10358.0,10274.0,10357.0,10345.0,10194.0,10482.0,10402.0,10419.0,10141.0,10393.0,10188.0,10350.0,10429.0,10294.0,10369.0
370.707230329192,48.0,0.0,10160.0,10185.0,10120.0,10165.0,10228.0,10065.0,10330.0,10059.0,9987.0,10190.0,10020.0,10183.0,10167.0,10193.0,10330.0,10179.0,10189.0,10312.0,10179.0,10004.0,10086.0
371.9521656898365,54.0,0.0,9975.0,10122.0,9978.0,10053.0,10082.0,9929.0,9923.0,9815.0,10151.0,10134.0,9930.0,9979.0,10117.0,10019.0,10040.0,9933.0,10151.0,9915.0,10017.0,10017.0,10002.0
373.19396004607165,69.0,0.0,10147.0,10209.0,10054.0,10016.0,10229.0,10309.0,10156.0,10071.0,10103.0,10039.0,10106.0,10048.0,10177.0,10311.0,10135.0,10260.0,10222.0,10251.0,10250.0,10045.0,10163.0
374.4326468259738,-8.0,0.0,10302.0,10345.0,10585.0,10526.0,10440.0,10383.0,10626.0,10422.0,10495.0,10466.0,10517.0,10431.0,10548.0,10640.0,10497.0,10565.0,10480.0,10541.0,10576.0,10423.0,10455.0
375.66825917563807,-39.0,0.0,10054.0,10181.0,10048.0,10281.0,10065.0,10025.0,10209.0,10233.0,10174.0,10122.0,10256.0,10004.0,10102.0,10281.0,10073.0,10126.0,10106.0,10213.0,10172.0,10070.0,10101.0
376.90082996028053,-18.0,0.0,10162.0,10059.0,10292.0,10070.0,10250.0,10212.0,10355.0,10250.0,10261.0,10220.0,10249.0,10198.0,10095.0,10359.0,10119.0,10141.0,10402.0,10137.0,10319.0,10163.0,10176.0
378.1303917653417,41.0,0.0,10096.0,10215.0,10157.0,10277.0,10170.0,10309.0,10309.0,10055.0,10222.0,10266.0,10032.0,10134.0,10293.0,10300.0,10121.0,10215.0,10417.0,10265.0,10261.0,10407.0,10087.0
379.3569768975892,15.0,0.0,10218.0,10196.0,10294.0,10221.0,10252.0,10204.0,10284.0,10157.0,10202.0,10219.0,10167.0,10195.0,10237.0,10284.0,10166.0,10123.0,10251.0,10236.0,10363.0,10221.0,10173.0
380.5806173862201,9.0,0.0,10161.0,10178.0,10165.0,10158.0,10236.0,10207.0,10134.0,9970.0,10140.0,10052.0,10311.0,10052.0,10186.0,9973.0,10105.0,10133.0,10262.0,10128.0,10202.0,10058.0,10249.0
381.8013449839642,32.0,0.0,10141.0,10146.0,10079.0,10206.0,10168.0,9945.0,10270.0,10172.0,10035.0,10195.0,10127.0,10319.0,10098.0,10013.0,10090.0,10112.0,10155.0,10229.0,10225.0,10097.0,10149.0
383.01919116818675,38.0,0.0,10268.0,10216.0,10135.0,10252.0,10201.0,10208.0,10358.0,10235.0,10202.0,10190.0,10262.0,10237.0,10278.0,10167.0,10173.0,10192.0,10167.0,10295.0,10172.0,10228.0,10207.0
384.2341871419909,-38.0,0.0,10095.0,10307.0,10270.0,10152.0,10384.0,10369.0,10357.0,10290.0,10283.0,10277.0,10331.0,10309.0,10264.0,10292.0,10183.0,10392.0,10329.0,10412.0,10484.0,10174.0,10224.0
385.44636383532105,-19.0,0.0,10148.0,10073.0,10284.0,10130.0,10202.0,10196.0,10135.0,10132.0,10184.0,10111.0,10210.0,10158.0,10112.0,10182.0,10100.0,10278.0,10124.0,10128.0,10334.0,10165.0,9977.0
386.6557519060652,-44.0,0.0,10107.0,10189.0,10095.0,10196.0,10018.0,10207.0,10219.0,10181.0,10195.0,10178.0,10032.0,10203.0,10147.0,10212.0,10147.0,10167.0,10115.0,10228.0,10232.0,10181.0,10138.0
387.8623817411582,7.0,0.0,10402.0,10228.0,10278.0,10128.0,10325.0,10123.0,10416.0,10322.0,10344.0,10293.0,10347.0,10383.0,10366.0,10369.0,10357.0,10208.0,10279.0,10407.0,10371.0,10352.0,10289.0
389.0662834576839,-41.0,0.0,10546.0,10465.0,10544.0,10432.0,10645.0,10370.0,10581.0,10352.0,10541.0,10394.0,10616.0,10500.0,10555.0,10501.0,10425.0,10505.0,10357.0,10381.0,10735.0,10430.0,10543.0
390.26748690397864,23.0,0.0,10504.0,10382.0,10497.0,10536.0,10631.0,10554.0,10548.0,10398.0,10528.0,10431.0,10549.0,10488.0,10380.0,10357.0,10302.0,10423.0,10435.0,10489.0,10427.0,10368.0,10314.0
391.46602166073365,56.0,0.0,10361.0,10436.0,10312.0,10377.0,10437.0,10373.0,10493.0,10410.0,10422.0,10366.0,10355.0,10441.0,10430.0,10348.0,10270.0,10438.0,10319.0,10432.0,10398.0,10360.0,10320.0
392.6619170420981,-29.0,0.0,10006.0,10245.0,10097.0,10190.0,10130.0,10069.0,10117.0,10024.0,10074.0,10100.0,10037.0,9972.0,10194.0,10141.0,10049.0,10038.0,10117.0,10054.0,10103.0,10000.0,10087.0
393.85520209678157,43.0,0.0,9887.0,10037.0,10131.0,9967.0,9977.0,10070.0,9986.0,9986.0,10069.0,10023.0,10018.0,9933.0,9969.0,10065.0,10011.0,10012.0,9993.0,9994.0,10047.0,10052.0,10056.0
395.0459056091571,64.0,0.0,10027.0,10003.0,10031.0,9979.0,9934.0,10149.0,10036.0,9968.0,9996.0,10053.0,10214.0,10014.0,10061.0,9863.0,9906.0,10024.0,10080.0,9949.0,10091.0,9969.0,10089.0
396.2340561003641,-14.0,0.0,10005.0,10114.0,10306.0,10246.0,10183.0,10173.0,10204.0,10234.0,10160.0,10204.0,10170.0,10154.0,10135.0,10022.0,10133.0,9981.0,10120.0,10118.0,10178.0,10097.0,10161.0
397.4196818294107,-53.0,0.0,10152.0,10093.0,10203.0,10191.0,10143.0,10195.0,10295.0,10203.0,10216.0,10218.0,10217.0,10140.0,10217.0,10149.0,10034.0,10090.0,10319.0,10278.0,10227.0,10265.0,10105.0
398.60281079427716,3.0,0.0,10243.0,10359.0,10311.0,10316.0,10358.0,10277.0,10550.0,10371.0,10326.0,10425.0,10265.0,10430.0,10431.0,10384.0,10372.0,10357.0,10370.0,10568.0,10479.0,10295.0,10564.0
399.78347073301836,1.0,0.0,10288.0,10377.0,10376.0,10433.0,10335.0,10408.0,10417.0,10342.0,10301.0,10144.0,10350.0,10222.0,10446.0,10286.0,10565.0,10433.0,10182.0,10254.0,10291.0,10323.0,10334.0
400.96168912486615,-72.0,0.0,10047.0,10021.0,10089.0,10054.0,10091.0,9902.0,10098.0,10115.0,10147.0,10095.0,10058.0,10242.0,10178.0,10181.0,9960.0,10146.0,10158.0,10164.0,10221.0,10075.0,10264.0
402.13749319133314,-78.0,0.0,10109.0,10299.0,10267.0,10134.0,10167.0,10311.0,10139.0,10270.0,10203.0,10176.0,10264.0,10210.0,10234.0,10295.0,10198.0,10180.0,10215.0,10306.0,10492.0,10078.0,10202.0
403.31090989731473,69.0,0.0,10324.0,10127.0,10133.0,10302.0,10180.0,10197.0,10122.0,10210.0,10114.0,10124.0,10295.0,10232.0,10338.0,10254.0,10058.0,10105.0,10155.0,10250.0,10348.0,10274.0,10097.0
404.48196595219235,-13.0,0.0,10035.0,9978.0,10129.0,10076.0,9966.0,10059.0,10022.0,10072.0,10123.0,10164.0,10222.0,10227.0,10194.0,10170.0,9962.0,10130.0,10160.0,10179.0,10259.0,10044.0,9993.0
405.65068781093584,18.0,0.0,10185.0,10156.0,10187.0,10203.0,10069.0,10190.0,10151.0,10060.0,10138.0,10108.0,10258.0,10190.0,10179.0,10292.0,9999.0,10059.0,10059.0,10341.0,10007.0,10188.0,10141.0
406.8171016752065,51.0,0.0,10352.0,10286.0,10427.0,10336.0,10266.0,10241.0,10432.0,10328.0,10457.0,10268.0,10421.0,10332.0,10380.0,10450.0,10396.0,10352.0,10299.0,10516.0,10291.0,10292.0,10350.0
407.9812334944601,-122.0,0.0,10584.0,10517.0,10616.0,10665.0,10597.0,10532.0,10545.0,10522.0,10593.0,10542.0,10543.0,10397.0,10562.0,10766.0,10526.0,10585.0,10718.0,10712.0,10710.0,10515.0,10736.0
409.14310896704933,-18.0,0.0,10259.0,10178.0,10098.0,10277.0,10253.0,10292.0,10188.0,10024.0,10255.0,10265.0,10154.0,10160.0,10106.0,10424.0,10141.0,10299.0,10277.0,10170.0,10154.0,10322.0,10217.0
410.30275354132664,3.0,0.0,10006.0,10178.0,9858.0,10038.0,10131.0,10060.0,10184.0,9890.0,10057.0,10141.0,10057.0,10216.0,10070.0,10108.0,10008.0,10000.0,10153.0,10167.0,10282.0,10041.0,10194.0
411.4601924167475,28.0,0.0,10292.0,10185.0,10248.0,10161.0,10240.0,10138.0,10252.0,10138.0,10158.0,10254.0,10230.0,10213.0,10126.0,10182.0,10224.0,10214.0,10098.0,10208.0,10231.0,10360.0,10071.0
412.61545054497225,-116.0,0.0,10133.0,9964.0,10135.0,10083.0,10121.0,10013.0,10355.0,10164.0,10103.0,10094.0,10059.0,10141.0,10208.0,10138.0,10277.0,10162.0,10149.0,10090.0,10165.0,10056.0,10039.0
413.76855263097,32.0,0.0,10187.0,10141.0,10325.0,10111.0,10180.0,10283.0,10173.0,10171.0,10390.0,10334.0,10154.0,10280.0,10160.0,10271.0,10182.0,10175.0,10159.0,10228.0,10218.0,10294.0,10250.0
414.919523134121,-7.0,0.0,10150.0,10063.0,10287.0,10100.0,10157.0,10141.0,10123.0,10173.0,10311.0,10332.0,10050.0,10220.0,10205.0,10096.0,10291.0,10079.0,10233.0,10259.0,10279.0,10331.0,10171.0
416.06838626931875,31.0,0.0,10210.0,10154.0,10250.0,10294.0,10261.0,10172.0,10452.0,10215.0,10255.0,10284.0,10314.0,10406.0,10150.0,10207.0,10331.0,10257.0,10352.0,10361.0,10427.0,10200.0,10355.0
417.2151660080741,-16.0,0.0,10071.0,10169.0,10186.0,10203.0,10082.0,10382.0,10029.0,10205.0,10258.0,10123.0,10109.0,10166.0,10085.0,10163.0,10086.0,10081.0,10347.0,10251.0,10092.0,10134.0,10257.0
418.3598860796171,-43.0,0.0,10061.0,10099.0,10201.0,10113.0,10166.0,10193.0,10138.0,10131.0,10212.0,10075.0,10290.0,10332.0,9966.0,10180.0,9957.0,10210.0,10268.0,10349.0,10066.0,10203.0,10093.0
419.5025699720002,-46.0,0.0,10365.0,10322.0,10343.0,10376.0,10311.0,10359.0,10288.0,10443.0,10406.0,10342.0,10361.0,10511.0,10328.0,10414.0,10194.0,10267.0,10084.0,10302.0,10230.0,10337.0,10507.0
420.64324093320073,40.0,0.0,9985.0,9979.0,10028.0,9981.0,10203.0,10011.0,10176.0,10019.0,10130.0,9986.0,9953.0,10035.0,10042.0,10026.0,10092.0,9966.0,10029.0,10028.0,10086.0,10050.0,10095.0
421.78192197222415,-37.0,0.0,10342.0,10425.0,10331.0,10309.0,10390.0,10599.0,10328.0,10261.0,10412.0,10272.0,10408.0,10427.0,10360.0,10266.0,10328.0,10318.0,10451.0,10342.0,10399.0,10186.0,10325.0
422.9186358602065,-9.0,0.0,10189.0,10371.0,10436.0,10270.0,10396.0,10309.0,10387.0,10366.0,10290.0,10435.0,10362.0,10272.0,10223.0,10357.0,10182.0,10176.0,10226.0,10476.0,10402.0,10279.0,10336.0
424.05340513151725,9.0,0.0,10353.0,10391.0,10413.0,10338.0,10356.0,10214.0,10509.0,10387.0,10323.0,10252.0,10410.0,10281.0,10485.0,10410.0,10447.0,10383.0,10299.0,10476.0,10394.0,10330.0,10492.0
425.1862520848625,48.0,0.0,10293.0,10124.0,10275.0,10192.0,10063.0,10193.0,10374.0,10267.0,10385.0,10264.0,10271.0,10225.0,10169.0,10363.0,10125.0,10336.0,10189.0,10407.0,10111.0,10368.0,10132.0
426.3171987843872,-10.0,0.0,10192.0,10266.0,10395.0,10306.0,10331.0,10245.0,10298.0,10448.0,10321.0,10302.0,10252.0,10140.0,10178.0,10288.0,10200.0,10127.0,10269.0,10459.0,10353.0,10268.0,10241.0
427.44626706077804,69.0,0.0,10492.0,10597.0,10616.0,10486.0,10519.0,10500.0,10515.0,10490.0,10785.0,10406.0,10473.0,10556.0,10358.0,10561.0,10613.0,10384.0,10517.0,10726.0,10514.0,10414.0,10446.0
428.57347851236676,30.0,0.0,10107.0,10273.0,10332.0,10025.0,10119.0,10306.0,10386.0,10259.0,10421.0,10260.0,10309.0,10249.0,10199.0,10416.0,10266.0,10409.0,10305.0,10412.0,10209.0,10273.0,10346.0
429.69885450623275,-2.0,0.0,9888.0,10011.0,10086.0,9988.0,10084.0,10176.0,10084.0,9945.0,10179.0,10135.0,10083.0,10126.0,10058.0,10133.0,9852.0,10088.0,9932.0,9998.0,10056.0,9991.0,9921.0
430.8224161793052,88.0,0.0,10053.0,10083.0,10069.0,10011.0,10156.0,10088.0,10106.0,10054.0,10134.0,9943.0,10060.0,9993.0,10040.0,10139.0,10037.0,10068.0,10091.0,9989.0,10194.0,10042.0,10042.0
431.94418443946694,-3.0,0.0,10208.0,10160.0,10203.0,10188.0,10105.0,10272.0,10368.0,10169.0,10367.0,10154.0,10148.0,10257.0,10117.0,10174.0,10169.0,10119.0,10157.0,10133.0,10269.0,10225.0,10182.0
433.06417996665635,-42.0,0.0,10135.0,10210.0,10176.0,10093.0,10209.0,10209.0,10221.0,10177.0,10165.0,10185.0,10116.0,10236.0,10278.0,10244.0,10066.0,10041.0,9968.0,9997.0,10115.0,9954.0,10111.0
434.18242321397094,-60.0,0.0,10388.0,10189.0,10318.0,10308.0,10227.0,10325.0,10303.0,10319.0,10254.0,10419.0,10265.0,10336.0,10214.0,10396.0,10123.0,10215.0,10317.0,10298.0,10375.0,10176.0,10309.0
435.29893440876947,-106.0,0.0,10314.0,10131.0,10246.0,10277.0,10260.0,10262.0,10217.0,10101.0,10290.0,10175.0,10118.0,10281.0,10212.0,10292.0,10269.0,10196.0,10267.0,10279.0,10314.0,10274.0,10279.0
436.41373355377493,-27.0,0.0,10250.0,10386.0,10344.0,10257.0,10279.0,10221.0,10268.0,10290.0,10373.0,10078.0,10324.0,10103.0,10130.0,10219.0,10260.0,10091.0,10093.0,10203.0,10253.0,10143.0,10210.0
437.52684042817805,-103.0,0.0,10278.0,10068.0,10232.0,10157.0,10112.0,10159.0,10078.0,10324.0,10244.0,10014.0,10055.0,10086.0,10117.0,10000.0,10208.0,9919.0,10153.0,10137.0,10302.0,10152.0,10186.0
438.63827458873874,-177.0,0.0,10118.0,10153.0,10203.0,10153.0,10130.0,10200.0,10186.0,10071.0,10169.0,10198.0,10252.0,10210.0,10095.0,10262.0,10194.0,10044.0,10138.0,10200.0,10228.0,10301.0,10197.0
439.74805537089026,-173.0,0.0,10161.0,10088.0,10202.0,10008.0,10042.0,10263.0,10139.0,10037.0,10177.0,10112.0,10056.0,10253.0,10183.0,10180.0,10002.0,10050.0,10182.0,10224.0,10123.0,10070.0,10094.0
440.8562018898414,-258.0,0.0,10390.0,10487.0,10399.0,10388.0,10489.0,10410.0,10297.0,10554.0,10560.0,10297.0,10576.0,10424.0,10414.0,10349.0,10494.0,10335.0,10563.0,10621.0,10325.0,10249.0,10488.0
441.9627330416788,-272.0,0.0,10420.0,10295.0,10499.0,10317.0,10373.0,10327.0,10403.0,10464.0,10219.0,10267.0,10293.0,10312.0,10471.0,10162.0,10339.0,10012.0,10327.0,10460.0,10333.0,10502.0,10189.0
443.06766750447076,-268.0,0.0,10211.0,10370.0,10553.0,10437.0,10442.0,10510.0,10478.0,10275.0,10556.0,10570.0,10374.0,10413.0,10472.0,10373.0,10523.0,10389.0,10529.0,10376.0,10371.0,10515.0,10546.0
444.1710237393695,-338.0,0.0,10273.0,10236.0,10405.0,10297.0,10238.0,10378.0,10489.0,10135.0,10399.0,10382.0,10116.0,10303.0,10305.0,10406.0,10254.0,10343.0,10473.0,10410.0,10123.0,10374.0,10095.0
445.2728199917138,-396.0,0.0,10279.0,10322.0,10112.0,10242.0,10449.0,10410.0,10410.0,10309.0,10181.0,10059.0,10237.0,10323.0,10233.0,10334.0,10174.0,10197.0,10259.0,10301.0,10379.0,10290.0,10246.0
446.3730742921324,-356.0,0.0,10193.0,10360.0,10467.0,10368.0,10238.0,10388.0,10429.0,10280.0,10464.0,10442.0,10521.0,10392.0,10331.0,10418.0,10111.0,10232.0,10304.0,10471.0,10368.0,10259.0,10349.0
447.47180445764593,-356.0,0.0,10411.0,10543.0,10598.0,10550.0,10564.0,10464.0,10434.0,10506.0,10477.0,10651.0,10444.0,10529.0,10523.0,10545.0,10512.0,10459.0,10573.0,10558.0,10659.0,10480.0,10463.0
448.5690280927705,-207.0,0.0,10328.0,10438.0,10475.0,10351.0,10430.0,10378.0,10656.0,10492.0,10503.0,10347.0,10433.0,10350.0,10413.0,10351.0,10495.0,10380.0,10340.0,10412.0,10367.0,10447.0,10227.0
449.6647625906203,-222.0,0.0,10146.0,10212.0,10234.0,10260.0,10184.0,10318.0,10170.0,10276.0,10396.0,10138.0,10292.0,10195.0,10286.0,10225.0,10186.0,10244.0,10185.0,10345.0,10134.0,10264.0,10292.0
450.7590251340099,-161.0,0.0,10227.0,10259.0,10240.0,10209.0,10213.0,10176.0,10250.0,10211.0,10452.0,10241.0,10278.0,10316.0,10209.0,10338.0,10343.0,10206.0,10136.0,10341.0,10228.0,10308.0,10418.0
451.8518326965583,-97.0,0.0,10206.0,10314.0,10259.0,10143.0,10391.0,10294.0,10365.0,10281.0,10345.0,10298.0,10320.0,10337.0,10459.0,10354.0,10276.0,10389.0,10222.0,10288.0,10351.0,10421.0,10262.0
452.9432020437899,-45.0,0.0,10190.0,10182.0,9999.0,10074.0,10237.0,10099.0,10125.0,10082.0,10332.0,10148.0,10054.0,10144.0,10204.0,10237.0,10263.0,10128.0,10081.0,10233.0,10308.0,10190.0,10178.0
454.0331497342389,-22.0,0.0,10176.0,9997.0,10233.0,10296.0,10021.0,10157.0,10286.0,10133.0,10208.0,10164.0,10208.0,10146.0,10189.0,10082.0,10216.0,9986.0,10241.0,10221.0,10261.0,9985.0,10080.0
455.12169212055153,25.0,0.0,10216.0,10239.0,10336.0,10364.0,10196.0,10394.0,10454.0,10341.0,10400.0,10229.0,10344.0,10151.0,10255.0,10316.0,10293.0,10259.0,10326.0,10374.0,10236.0,10237.0,10249.0
456.2088453505886,-65.0,0.0,10510.0,10550.0,10558.0,10356.0,10437.0,10542.0,10484.0,10399.0,10686.0,10448.0,10501.0,10222.0,10495.0,10531.0,10529.0,10541.0,10526.0,10531.0,10636.0,10484.0,10463.0
457.29462536852867,-30.0,0.0,10526.0,10282.0,10205.0,10251.0,10335.0,10343.0,10279.0,10448.0,10378.0,10171.0,10371.0,10141.0,10336.0,10199.0,10270.0,10263.0,10259.0,10424.0,10182.0,10270.0,10213.0
458.3790479159706,-91.0,0.0,10088.0,10052.0,9898.0,10069.0,10084.0,10203.0,10248.0,9971.0,9923.0,9955.0,10048.0,10171.0,10219.0,10002.0,10018.0,10163.0,10102.0,10087.0,10143.0,9911.0,9874.0
459.46212853303666,21.0,0.0,10212.0,10114.0,10194.0,10289.0,10132.0,10093.0,10200.0,10043.0,10158.0,10141.0,10120.0,10272.0,10044.0,10199.0,10165.0,10084.0,10157.0,10322.0,10300.0,10323.0,10085.0
460.5438825594751,40.0,0.0,10141.0,9986.0,10187.0,9886.0,10116.0,10110.0,10231.0,10169.0,10062.0,10103.0,9943.0,9952.0,10064.0,10110.0,10060.0,9978.0,10073.0,10170.0,10191.0,10027.0,10087.0
461.6243251357629,94.0,0.0,10282.0,10202.0,10125.0,10120.0,10055.0,10077.0,10254.0,10049.0,10238.0,10111.0,10184.0,9999.0,10212.0,10281.0,10101.0,10081.0,9980.0,10037.0,10250.0,10141.0,10116.0
462.70347120420877,-25.0,0.0,10316.0,10213.0,10310.0,10212.0,10305.0,10197.0,10281.0,10377.0,10395.0,10326.0,10340.0,10185.0,10192.0,10349.0,10145.0,10266.0,10366.0,10295.0,10207.0,10218.0,10205.0
463.781335510056,103.0,0.0,10206.0,10266.0,10267.0,10302.0,10221.0,10167.0,10293.0,10431.0,10484.0,10323.0,10233.0,10020.0,10239.0,10267.0,10127.0,10201.0,10174.0,10322.0,10296.0,10284.0,10146.0
464.85793260258464,206.0,0.0,10149.0,10370.0,10306.0,10135.0,10183.0,10352.0,10565.0,10186.0,10273.0,10238.0,10344.0,10300.0,10432.0,10301.0,10092.0,10326.0,10503.0,10356.0,10334.0,10191.0,10178.0
465.93327683621544,178.0,0.0,10404.0,10428.0,10384.0,10415.0,10367.0,10382.0,10388.0,10441.0,10485.0,10443.0,10580.0,10458.0,10417.0,10339.0,10280.0,10550.0,10332.0,10488.0,10365.0,10517.0,10334.0
467.0073823716116,136.0,0.0,10271.0,10352.0,10349.0,10387.0,10338.0,10333.0,10319.0,10279.0,10460.0,10217.0,10337.0,10364.0,10350.0,10319.0,10213.0,10263.0,10329.0,10301.0,10402.0,10283.0,10387.0
468.0802631767819,161.0,0.0,10461.0,10277.0,10244.0,10380.0,10440.0,10388.0,10540.0,10321.0,10440.0,10505.0,10432.0,10206.0,10425.0,10359.0,10309.0,10232.0,10483.0,10340.0,10321.0,10315.0,10255.0
469.1519330281841,172.0,0.0,10203.0,10165.0,10289.0,10214.0,10181.0,10341.0,10143.0,10050.0,10284.0,10445.0,10303.0,10122.0,10133.0,10214.0,10091.0,10153.0,10341.0,10310.0,10163.0,10157.0,10093.0
470.22240551182654,233.0,0.0,10464.0,10389.0,10371.0,10332.0,10183.0,10474.0,10489.0,10242.0,10511.0,10378.0,10543.0,10364.0,10207.0,10505.0,10339.0,10473.0,10411.0,10441.0,10459.0,10372.0,10408.0
471.2916940243722,232.0,0.0,10272.0,10467.0,10276.0,10199.0,10204.0,10306.0,10302.0,10300.0,10372.0,10255.0,10259.0,10405.0,10261.0,10390.0,10118.0,10193.0,10387.0,10399.0,10541.0,10406.0,10255.0
472.35981177424054,204.0,0.0,10288.0,10285.0,10497.0,10304.0,10373.0,10419.0,10346.0,10500.0,10302.0,10389.0,10320.0,10171.0,10275.0,10221.0,10277.0,10411.0,10351.0,10487.0,10456.0,10379.0,10258.0
473.42677178271094,293.0,0.0,10137.0,10323.0,10136.0,10406.0,10474.0,10418.0,10308.0,10197.0,10261.0,10275.0,10205.0,10141.0,10126.0,10039.0,10244.0,10285.0,10188.0,10308.0,10219.0,10172.0,10139.0
474.49258688502533,275.0,0.0,10592.0,10423.0,10523.0,10388.0,10541.0,10619.0,10595.0,10581.0,10574.0,10499.0,10589.0,10438.0,10513.0,10479.0,10464.0,10296.0,10341.0,10531.0,10465.0,10415.0,10341.0
475.5572697314905,295.0,0.0,10088.0,10232.0,10058.0,10222.0,10110.0,10163.0,10209.0,10180.0,10038.0,10177.0,10218.0,10005.0,10302.0,10142.0,10208.0,10135.0,10050.0,10139.0,10341.0,10211.0,10227.0
476.62083278858177,401.0,0.0,10172.0,10252.0,10135.0,10344.0,10235.0,10277.0,10365.0,10318.0,10288.0,10322.0,10293.0,10324.0,10202.0,10213.0,10151.0,10315.0,10270.0,10241.0,10455.0,10368.0,9900.0
477.6832883400452,615.0,0.0,10138.0,10104.0,10180.0,10261.0,10308.0,10225.0,10333.0,10229.0,10124.0,10252.0,10263.0,10327.0,10266.0,10128.0,10122.0,10212.0,10111.0,10270.0,10155.0,10241.0,10044.0
478.74464848800045,703.0,0.0,10358.0,10364.0,10278.0,10332.0,10296.0,10252.0,10367.0,10372.0,10434.0,10222.0,10302.0,10155.0,10157.0,10253.0,10118.0,10309.0,10255.0,10290.0,10396.0,10281.0,10380.0
479.8049251540439,893.0,0.0,10439.0,10565.0,10209.0,10304.0,10338.0,10282.0,10495.0,10496.0,10385.0,10309.0,10435.0,10206.0,10445.0,10340.0,10366.0,10229.0,10583.0,10423.0,10538.0,10356.0,10178.0
480.864130080351,1187.0,0.0,10671.0,10717.0,10702.0,10616.0,10650.0,10653.0,10729.0,10691.0,10607.0,10556.0,10518.0,10713.0,10670.0,10748.0,10553.0,10710.0,10682.0,10713.0,10820.0,10637.0,10766.0
481.9222748307795,1555.0,0.0,10704.0,10558.0,10669.0,10551.0,10668.0,10653.0,10616.0,10668.0,10691.0,10777.0,10496.0,10649.0,10609.0,10756.0,10525.0,10554.0,10484.0,10665.0,10662.0,10683.0,10724.0
482.979370791972,2068.0,0.0,10709.0,10683.0,10695.0,10805.0,10553.0,10735.0,10777.0,10611.0,10569.0,10789.0,10904.0,10734.0,10928.0,10973.0,10861.0,10764.0,10546.0,10777.0,10795.0,10774.0,10798.0
484.03542917445856,2500.0,0.0,11005.0,11045.0,11024.0,11038.0,10943.0,11119.0,11100.0,11009.0,11072.0,11008.0,10982.0,10897.0,10939.0,11000.0,10856.0,10929.0,10948.0,10887.0,11061.0,11009.0,10779.0
485.0904610137602,3240.0,0.0,11291.0,11442.0,11298.0,11614.0,11491.0,11475.0,11627.0,11729.0,11489.0,11441.0,11615.0,11464.0,11438.0,11624.0,11402.0,11373.0,11578.0,11624.0,11477.0,11611.0,11500.0
486.1444771714912,4108.0,0.0,11797.0,11784.0,12043.0,12093.0,11747.0,11873.0,11901.0,11812.0,12080.0,11712.0,11920.0,11805.0,11822.0,11717.0,11679.0,11719.0,11844.0,11800.0,12020.0,11979.0,11827.0
487.1974883364615,5211.0,0.0,12817.0,12668.0,12982.0,12773.0,12559.0,12759.0,12726.0,12745.0,12835.0,12697.0,12703.0,12602.0,12479.0,12737.0,12698.0,12727.0,12761.0,12934.0,12962.0,12748.0,12679.0
488.24950502578054,6720.0,0.0,13517.0,13717.0,13753.0,13539.0,13684.0,13733.0,13809.0,13646.0,13929.0,13530.0,13560.0,13576.0,13649.0,13703.0,13600.0,13728.0,13726.0,13792.0,13704.0,13557.0,13637.0
489.3005375859591,8443.0,0.0,14564.0,14782.0,14762.0,14786.0,14555.0,14741.0,14858.0,14696.0,14619.0,14720.0,14663.0,14571.0,14788.0,14675.0,14922.0,14724.0,14723.0,14599.0,14748.0,14659.0,14623.0
490.3505961940128,10495.0,0.0,16353.0,16411.0,16404.0,16263.0,16469.0,16503.0,16485.0,16590.0,16355.0,16309.0,16207.0,16424.0,16381.0,16388.0,16465.0,16389.0,16523.0,16332.0,16525.0,16325.0,16329.0
491.39969085856444,12559.0,0.0,18353.0,18226.0,18258.0,18089.0,18176.0,18451.0,18489.0,18462.0,18241.0,18390.0,18239.0,18528.0,18188.0,18179.0,18294.0,18408.0,18427.0,18162.0,18457.0,18264.0,18303.0
492.4478314209467,14646.0,0.0,20173.0,20118.0,20316.0,20049.0,20185.0,20184.0,20271.0,20136.0,20075.0,20220.0,20103.0,20271.0,20086.0,20263.0,20224.0,20165.0,20333.0,20190.0,20257.0,20037.0,20298.0
493.4950275563059,15985.0,0.0,21657.0,21758.0,21663.0,21455.0,21811.0,21685.0,21791.0,21548.0,21754.0,21831.0,21442.0,21536.0,21407.0,21596.0,21488.0,21627.0,21554.0,21680.0,21683.0,21608.0,21569.0
494.5412887747036,16843.0,0.0,22042.0,22102.0,22237.0,22045.0,22106.0,22124.0,22029.0,22271.0,22277.0,21826.0,21960.0,21928.0,22086.0,22148.0,21766.0,22019.0,22219.0,22123.0,22042.0,22069.0,21901.0
495.5866244222198,17434.0,0.0,22846.0,22728.0,22632.0,22695.0,22726.0,22696.0,22989.0,22665.0,22660.0,22747.0,22732.0,22738.0,22731.0,22873.0,22754.0,22769.0,22741.0,22779.0,22672.0,22575.0,22641.0
496.63104368205643,17916.0,0.0,23091.0,22938.0,23283.0,23259.0,23097.0,23104.0,23178.0,22984.0,23143.0,23110.0,23282.0,23322.0,23116.0,23051.0,23222.0,23092.0,23199.0,22885.0,23233.0,23198.0,22962.0
497.6745555756389,18374.0,0.0,23578.0,23529.0,23626.0,23507.0,23402.0,23589.0,23532.0,23327.0,23496.0,23624.0,23447.0,23600.0,23504.0,23391.0,23516.0,23584.0,23596.0,23486.0,23752.0,23560.0,23519.0
498.71716896372027,18949.0,0.0,23735.0,23911.0,23866.0,23685.0,23967.0,23644.0,23783.0,23560.0,23839.0,24123.0,23895.0,23764.0,23744.0,23746.0,23615.0,23603.0,23643.0,23545.0,23896.0,23619.0,23905.0
499.7588925474828,19467.0,0.0,24367.0,24516.0,24458.0,24570.0,24301.0,24670.0,24659.0,24471.0,24661.0,24436.0,24521.0,24517.0,24349.0,24530.0,24442.0,24298.0,24342.0,24438.0,24566.0,24517.0,24500.0
500.7997348696417,19909.0,0.0,24614.0,24703.0,24789.0,24588.0,24303.0,24477.0,25050.0,24623.0,24542.0,24688.0,24670.0,24510.0,24561.0,24749.0,24569.0,24797.0,24596.0,24457.0,24684.0,24385.0,24398.0
501.8397043155474,20552.0,0.0,25225.0,25253.0,25349.0,25553.0,25108.0,25139.0,25367.0,25257.0,25437.0,25009.0,25355.0,25191.0,25215.0,25211.0,25050.0,25267.0,25002.0,25291.0,25378.0,25407.0,25285.0
502.87880911428846,20955.0,0.0,25361.0,25269.0,25172.0,25296.0,25138.0,25022.0,25276.0,25264.0,25173.0,25295.0,25225.0,25298.0,25136.0,25141.0,25201.0,25102.0,25348.0,25483.0,25176.0,25210.0,25089.0
503.91705733979467,21513.0,0.0,25449.0,25483.0,25599.0,25446.0,25612.0,25284.0,25519.0,25474.0,25719.0,25482.0,25376.0,25416.0,25195.0,25140.0,25585.0,25328.0,25516.0,25511.0,25262.0,25436.0,25295.0
504.9544569119395,21847.0,0.0,25996.0,26124.0,25777.0,25888.0,25738.0,26021.0,25985.0,25864.0,25916.0,25856.0,25809.0,25911.0,25717.0,25829.0,25779.0,25989.0,25844.0,25948.0,25944.0,25820.0,25865.0
505.9910155976426,22108.0,0.0,26199.0,26294.0,26163.0,25571.0,26025.0,26176.0,26298.0,25783.0,26168.0,26206.0,26125.0,26132.0,26046.0,25952.0,26153.0,25964.0,26008.0,26015.0,26152.0,26074.0,25944.0
507.0267410119738,22502.0,0.0,26338.0,26346.0,26549.0,26344.0,26433.0,26676.0,26798.0,26573.0,26275.0,26479.0,26577.0,26248.0,26630.0,26684.0,26583.0,26505.0,26513.0,26475.0,26693.0,26383.0,26204.0
508.06164061925455,22813.0,0.0,26417.0,26460.0,26516.0,26458.0,26341.0,26580.0,26792.0,26374.0,26565.0,26287.0,26565.0,26344.0,26208.0,26611.0,26306.0,26437.0,26655.0,26457.0,26541.0,26628.0,26538.0
509.09572173416143,23103.0,0.0,26631.0,26474.0,26176.0,26818.0,26978.0,26524.0,26928.0,26597.0,26845.0,26506.0,26764.0,26853.0,26402.0,26553.0,26560.0,26498.0,26421.0,26909.0,26367.0,26841.0,26680.0
510.1289915228292,23518.0,0.0,27079.0,27090.0,27421.0,27019.0,27079.0,26881.0,27280.0,27204.0,27046.0,26790.0,27043.0,26841.0,26803.0,27022.0,27193.0,27161.0,27001.0,27088.0,27357.0,27371.0,26970.0
511.1614570039524,23843.0,0.0,27233.0,27223.0,27161.0,27398.0,27315.0,27308.0,27136.0,27300.0,27204.0,27455.0,27448.0,26967.0,27298.0,27270.0,27179.0,27042.0,26976.0,27126.0,27530.0,27324.0,26953.0
512.1931250498901,24065.0,0.0,27356.0,27131.0,27159.0,27235.0,27161.0,27243.0,27452.0,27310.0,27190.0,27183.0,27351.0,27173.0,27110.0,27352.0,27204.0,27287.0,27124.0,27492.0,27371.0,27287.0,27130.0
513.2240023877666,24400.0,0.0,27957.0,27394.0,27657.0,27597.0,27403.0,27491.0,27823.0,27606.0,27544.0,27817.0,27420.0,27533.0,27558.0,27689.0,27399.0,27515.0,27308.0,27640.0,27856.0,27627.0,27518.0
514.254095600576,24608.0,0.0,28087.0,27924.0,28116.0,27974.0,27968.0,28163.0,27971.0,27870.0,27946.0,27911.0,28085.0,28030.0,28178.0,27760.0,27952.0,28024.0,28305.0,28288.0,28384.0,28047.0,28154.0
515.2834111282833,24845.0,0.0,28019.0,28120.0,27779.0,28057.0,27914.0,28122.0,28250.0,28007.0,28164.0,28186.0,28186.0,28144.0,28158.0,28025.0,28129.0,28410.0,28139.0,28013.0,28143.0,27911.0,28150.0
516.3119552689293,25070.0,0.0,27989.0,28275.0,28210.0,28069.0,28367.0,28350.0,28184.0,28007.0,28120.0,28279.0,28215.0,28216.0,28245.0,28440.0,28120.0,28534.0,28304.0,28111.0,28349.0,28153.0,28462.0
517.3397341797314,25332.0,0.0,28715.0,28389.0,28674.0,28546.0,28130.0,28149.0,28657.0,28080.0,28490.0,28384.0,28517.0,28492.0,28585.0,28513.0,28440.0,28418.0,28218.0,28528.0,28589.0,28608.0,28190.0
518.3667538781874,25424.0,0.0,28505.0,28581.0,28506.0,28427.0,28444.0,28594.0,28476.0,28393.0,28408.0,28521.0,28378.0,28777.0,28515.0,28675.0,28366.0,28548.0,28421.0,28331.0,28366.0,28740.0,28381.0
519.3930202431783,25838.0,0.0,28883.0,28969.0,28834.0,29023.0,28835.0,28931.0,29010.0,28679.0,28983.0,28994.0,28914.0,29188.0,28763.0,29153.0,28941.0,28814.0,28838.0,28962.0,29378.0,28848.0,28910.0
520.418539016071,26021.0,0.0,29305.0,29146.0,28648.0,29126.0,29216.0,28905.0,28981.0,29112.0,29323.0,29067.0,29251.0,28887.0,28901.0,29238.0,28953.0,29204.0,28727.0,29461.0,29177.0,28922.0,28915.0
521.4433158018209,26671.0,0.0,28887.0,29349.0,29290.0,29094.0,29535.0,29333.0,29506.0,29646.0,29497.0,29291.0,29299.0,29658.0,29521.0,29462.0,29261.0,29610.0,29524.0,29315.0,29758.0,29376.0,29276.0
522.4673560700745,26857.0,0.0,29516.0,29773.0,29799.0,29653.0,29633.0,29670.0,29829.0,29514.0,29967.0,29752.0,29790.0,29821.0,29571.0,29826.0,29806.0,29583.0,29684.0,29610.0,29692.0,29710.0,29472.0
523.4906651562735,27269.0,0.0,29836.0,30047.0,29876.0,29944.0,30296.0,30068.0,30282.0,30024.0,30205.0,29982.0,29787.0,30067.0,29927.0,30116.0,29898.0,29993.0,29867.0,30117.0,29863.0,30071.0,30132.0
524.513248262756,27522.0,0.0,30542.0,30472.0,30737.0,30510.0,30659.0,30348.0,30368.0,30431.0,30491.0,30562.0,30730.0,30532.0,30357.0,30743.0,29947.0,30400.0,30361.0,30914.0,30389.0,30581.0,30591.0
525.5351104598598,28005.0,0.0,30897.0,30906.0,31272.0,30782.0,30948.0,30561.0,30727.0,30945.0,31037.0,31330.0,30653.0,31049.0,30799.0,31004.0,30683.0,30932.0,30723.0,30975.0,31143.0,31184.0,30829.0
526.5562566870259,28682.0,0.0,31505.0,31532.0,31761.0,31368.0,31149.0,31440.0,31844.0,31494.0,31472.0,31572.0,31601.0,31429.0,31861.0,31456.0,31297.0,31693.0,31783.0,31425.0,31638.0,31443.0,31510.0
527.5766917539007,29372.0,0.0,32064.0,31997.0,31500.0,31908.0,31759.0,32008.0,31937.0,31836.0,32045.0,31712.0,32003.0,31683.0,31752.0,31966.0,31779.0,31670.0,32076.0,32065.0,31979.0,31837.0,32074.0
528.5964203414386,29750.0,0.0,32546.0,32845.0,32678.0,32446.0,32463.0,32471.0,32489.0,32256.0,32355.0,32329.0,32288.0,32365.0,32485.0,32502.0,32275.0,32500.0,32458.0,32417.0,32403.0,32398.0,32559.0
529.6154470030049,30325.0,0.0,33194.0,33122.0,33082.0,32941.0,33108.0,33628.0,33083.0,33184.0,33246.0,33084.0,33037.0,32869.0,32970.0,32989.0,33299.0,33291.0,33259.0,33316.0,33217.0,33103.0,33135.0
530.6337761654795,30826.0,0.0,33571.0,33651.0,33728.0,33669.0,33612.0,33630.0,33477.0,33723.0,33913.0,33557.0,33843.0,33348.0,33672.0,33522.0,33895.0,33731.0,33824.0,33743.0,33577.0,33889.0,33629.0
531.6514121303586,31402.0,0.0,34456.0,34441.0,34297.0,34245.0,34024.0,34193.0,34330.0,34082.0,34202.0,34110.0,34092.0,33831.0,34130.0,34339.0,34148.0,34231.0,34285.0,34202.0,34102.0,34027.0,34112.0
532.6683590748573,32260.0,0.0,34996.0,35085.0,34903.0,34822.0,34967.0,34823.0,34925.0,34833.0,34886.0,34955.0,34866.0,34829.0,35086.0,35195.0,34840.0,35056.0,35323.0,35061.0,35069.0,34860.0,34665.0
533.6846210530143,32826.0,0.0,35340.0,35378.0,35614.0,35432.0,35388.0,35429.0,35466.0,35585.0,35839.0,35408.0,35540.0,35368.0,35587.0,35479.0,35813.0,35546.0,35737.0,35561.0,35486.0,35496.0,35114.0
534.7002019967927,33362.0,0.0,35954.0,36047.0,36166.0,36222.0,36214.0,35973.0,36303.0,35942.0,36338.0,36235.0,36263.0,36188.0,36330.0,35795.0,36313.0,36176.0,36409.0,36077.0,36351.0,36146.0,35893.0
535.7151057171827,34176.0,0.0,36797.0,36629.0,36547.0,36528.0,36823.0,36716.0,37252.0,36710.0,36755.0,36525.0,36726.0,36699.0,36710.0,36694.0,36714.0,36767.0,36947.0,37109.0,36383.0,37068.0,36834.0
536.7293359053067,34583.0,0.0,37160.0,37435.0,36974.0,37128.0,37130.0,37450.0,37241.0,37226.0,37136.0,37075.0,37247.0,37059.0,37061.0,37263.0,37144.0,37141.0,37115.0,37276.0,37314.0,37256.0,36880.0
537.7428961335197,35320.0,0.0,37441.0,37664.0,37594.0,37764.0,37567.0,37424.0,37395.0,37258.0,37420.0,37438.0,37730.0,37678.0,37724.0,37219.0,37718.0,37387.0,37416.0,37604.0,37005.0,37247.0,37399.0
538.7557898565135,35940.0,0.0,38277.0,38528.0,38478.0,38336.0,38253.0,38173.0,38315.0,38308.0,38381.0,38737.0,38501.0,38424.0,38241.0,38496.0,38441.0,38425.0,38216.0,38815.0,38626.0,37895.0,38085.0
539.7680204124184,36360.0,0.0,38757.0,38802.0,39070.0,39020.0,38869.0,38773.0,38956.0,38943.0,38856.0,38916.0,38832.0,38845.0,38961.0,38883.0,38808.0,38857.0,39230.0,38794.0,39031.0,38804.0,38745.0
540.7795910239073,37044.0,0.0,39606.0,39543.0,39205.0,39549.0,39705.0,39146.0,39670.0,39830.0,39561.0,39535.0,39160.0,39648.0,39542.0,39616.0,39817.0,39731.0,39723.0,39632.0,39304.0,39724.0,39416.0
541.7905047992972,37818.0,0.0,39708.0,40120.0,40021.0,39839.0,40130.0,40035.0,40074.0,40222.0,40130.0,40563.0,39917.0,39976.0,39890.0,40348.0,39676.0,39822.0,39854.0,40380.0,40098.0,39984.0,39762.0
542.8007647336533,38310.0,0.0,40517.0,40708.0,40423.0,40662.0,40497.0,40463.0,40830.0,40129.0,40634.0,40353.0,40820.0,40489.0,40355.0,40651.0,40513.0,40293.0,40446.0,40627.0,40465.0,40483.0,40369.0
543.8103737098905,39129.0,0.0,41463.0,41009.0,41236.0,41157.0,41204.0,41557.0,41496.0,41502.0,41404.0,41302.0,41261.0,41558.0,41501.0,41770.0,41301.0,41829.0,41391.0,41213.0,41373.0,41063.0,41185.0
544.8193344998776,39518.0,0.0,41704.0,41731.0,42202.0,42167.0,41709.0,41562.0,41978.0,41540.0,41662.0,41816.0,41416.0,41721.0,41576.0,42051.0,41606.0,41672.0,41839.0,41766.0,41559.0,42024.0,42119.0
545.8276497655382,40122.0,0.0,42242.0,42752.0,42671.0,42730.0,42252.0,42798.0,42412.0,42746.0,42339.0,42471.0,42404.0,42460.0,42312.0,42297.0,42475.0,42427.0,42604.0,42489.0,42338.0,42144.0,42570.0
546.8353220599561,40584.0,0.0,42751.0,42914.0,43085.0,42770.0,43111.0,42611.0,42626.0,42592.0,42866.0,42531.0,42829.0,42892.0,43011.0,42767.0,42638.0,42666.0,42854.0,42788.0,42785.0,42872.0,42586.0
547.8423538284754,41077.0,0.0,43340.0,43236.0,42968.0,43308.0,43044.0,43231.0,43336.0,43268.0,43236.0,43059.0,42986.0,43553.0,43711.0,43391.0,42972.0,43182.0,43107.0,43470.0,43274.0,43142.0,43348.0
548.848747409805,41490.0,0.0,43629.0,43797.0,43595.0,43566.0,43376.0,43955.0,43854.0,43807.0,43574.0,43888.0,43768.0,43616.0,44028.0,44033.0,43966.0,44008.0,43457.0,43931.0,43458.0,43618.0,43496.0
549.8545050371213,41732.0,0.0,44151.0,44016.0,44031.0,44409.0,43962.0,44041.0,43953.0,44209.0,43663.0,43851.0,44047.0,44210.0,44015.0,44041.0,44062.0,44076.0,44047.0,44288.0,43919.0,44177.0,44008.0
550.8596288391703,42108.0,0.0,44330.0,44269.0,44292.0,44216.0,44354.0,44288.0,44225.0,44530.0,44148.0,44284.0,44001.0,44015.0,44144.0,44267.0,44110.0,44319.0,44254.0,44308.0,43762.0,44450.0,44264.0
551.8641208413708,42373.0,0.0,44712.0,44621.0,44447.0,44270.0,44281.0,44565.0,44246.0,44260.0,44325.0,44236.0,44134.0,44295.0,44602.0,44662.0,44585.0,44305.0,44864.0,44599.0,44491.0,44497.0,44518.0
552.867982966917,42503.0,0.0,44626.0,44425.0,44678.0,44644.0,44480.0,44451.0,44710.0,44485.0,44781.0,44328.0,44651.0,44752.0,44781.0,44624.0,44389.0,44497.0,44621.0,45171.0,44692.0,44706.0,44545.0
553.8712170378823,42837.0,0.0,44857.0,44729.0,44924.0,44821.0,44899.0,44939.0,45086.0,44589.0,44841.0,45145.0,44646.0,44740.0,45165.0,45230.0,44620.0,45042.0,45203.0,45013.0,44754.0,45153.0,44986.0
554.8738247763201,42954.0,0.0,45158.0,44944.0,45691.0,45202.0,45016.0,45543.0,45334.0,45211.0,45684.0,45270.0,45061.0,45179.0,45041.0,45332.0,45064.0,45050.0,45324.0,45417.0,45340.0,45533.0,45223.0
555.8758078053685,43189.0,0.0,45273.0,45122.0,45084.0,45007.0,45206.0,45217.0,45192.0,44940.0,45205.0,45008.0,45185.0,45018.0,45555.0,45160.0,44950.0,45227.0,45006.0,45102.0,45267.0,44872.0,45143.0
556.8771676503524,43426.0,0.0,45612.0,45747.0,45778.0,45278.0,45782.0,45202.0,45824.0,45774.0,45450.0,45812.0,45474.0,45518.0,45617.0,45660.0,45681.0,45535.0,45257.0,45480.0,45703.0,45534.0,45415.0
557.877905739886,43870.0,0.0,45637.0,46143.0,45942.0,45758.0,45527.0,46056.0,45671.0,45809.0,45863.0,45832.0,45693.0,45662.0,46030.0,45802.0,46007.0,45885.0,45908.0,46209.0,45747.0,45800.0,45366.0
558.8780234069761,43579.0,0.0,46040.0,45763.0,45870.0,45629.0,45869.0,45693.0,46102.0,45826.0,45809.0,45835.0,45855.0,45648.0,46009.0,45899.0,45586.0,46170.0,45771.0,45832.0,45968.0,46007.0,45573.0
559.8775218901245,43867.0,0.0,45806.0,45710.0,45623.0,45233.0,45678.0,45736.0,45607.0,45669.0,45453.0,45750.0,45249.0,45287.0,45328.0,45768.0,45366.0,45338.0,45621.0,45766.0,45508.0,45776.0,45555.0
560.8764023344316,44053.0,0.0,46176.0,46513.0,45813.0,45953.0,46227.0,46094.0,45673.0,46098.0,46271.0,46333.0,46459.0,45910.0,45863.0,46413.0,46179.0,46115.0,46277.0,46117.0,46406.0,45946.0,46393.0
561.8746657926976,44347.0,0.0,46416.0,46293.0,46232.0,46103.0,46114.0,45876.0,46397.0,46008.0,46355.0,46227.0,46263.0,46372.0,46245.0,46086.0,45971.0,46283.0,46197.0,46253.0,46138.0,46350.0,46224.0
562.872313226527,44688.0,0.0,46775.0,46685.0,46588.0,46661.0,46349.0,46801.0,46987.0,46468.0,46379.0,46994.0,46786.0,46972.0,46564.0,46556.0,47010.0,46696.0,46653.0,46657.0,46417.0,46981.0,46585.0
563.8693455074307,44901.0,0.0,47275.0,46967.0,46957.0,47054.0,47323.0,47149.0,47216.0,46999.0,46920.0,47081.0,46944.0,47058.0,46925.0,47307.0,47035.0,47331.0,47406.0,47217.0,47144.0,47456.0,47322.0
564.8657634179287,44842.0,0.0,47130.0,46765.0,46597.0,47168.0,46945.0,47155.0,46898.0,46693.0,46951.0,46561.0,46965.0,47204.0,46917.0,47001.0,47035.0,46813.0,46874.0,47218.0,46922.0,47258.0,46562.0
565.8615676526529,45231.0,0.0,47294.0,47185.0,47046.0,47276.0,47523.0,47166.0,47325.0,47293.0,47181.0,47280.0,47432.0,47227.0,47437.0,47453.0,47356.0,47529.0,47204.0,47532.0,47252.0,47701.0,47051.0
566.8567588194503,45235.0,0.0,47488.0,47642.0,47246.0,47330.0,47468.0,47453.0,47705.0,46971.0,47625.0,47245.0,47303.0,47091.0,47091.0,47957.0,47536.0,47328.0,47336.0,47414.0,47430.0,47506.0,47348.0
567.8513374404852,45399.0,0.0,47284.0,47195.0,47408.0,47632.0,47148.0,47324.0,47371.0,47428.0,47532.0,47583.0,47636.0,47506.0,47676.0,47173.0,47548.0,47617.0,47349.0,47656.0,47518.0,47620.0,47328.0
568.8453039533425,45203.0,0.0,47240.0,47721.0,47417.0,47551.0,47276.0,47573.0,47417.0,47456.0,47643.0,47583.0,47565.0,47355.0,47011.0,47489.0,47657.0,47509.0,47533.0,47441.0,47395.0,47773.0,47577.0
569.8386587121306,45393.0,0.0,47481.0,47342.0,47636.0,47573.0,47375.0,47418.0,47569.0,47516.0,47756.0,47510.0,47612.0,47706.0,47272.0,47701.0,47318.0,47636.0,47435.0,47605.0,47633.0,47535.0,47593.0
570.8314019885835,45414.0,0.0,47628.0,47813.0,47556.0,47525.0,47705.0,47663.0,47806.0,47579.0,47672.0,47795.0,47600.0,47627.0,47968.0,47646.0,47384.0,47671.0,47416.0,47847.0,47711.0,47615.0,47388.0
571.823533973164,45548.0,0.0,47559.0,47338.0,47546.0,47742.0,47559.0,47726.0,47774.0,47600.0,47698.0,47829.0,47540.0,47555.0,47607.0,47731.0,47740.0,47634.0,47587.0,47667.0,47807.0,47459.0,47625.0
572.8150547761672,45644.0,0.0,47621.0,47433.0,47454.0,47651.0,47752.0,47603.0,47570.0,47505.0,47648.0,47582.0,47671.0,47423.0,47760.0,47460.0,47782.0,47619.0,47384.0,47712.0,47682.0,47712.0,47264.0
573.8059644288223,45648.0,0.0,47337.0,47837.0,47533.0,47658.0,47826.0,47708.0,47662.0,47488.0,47721.0,47691.0,47524.0,47331.0,47123.0,47607.0,47845.0,47180.0,47819.0,47641.0,47136.0,47661.0,47346.0
574.7962628843951,45443.0,0.0,47146.0,47574.0,47893.0,47506.0,47331.0,47816.0,47848.0,47278.0,47708.0,47324.0,47295.0,47573.0,47638.0,47333.0,47447.0,47577.0,47519.0,47808.0,47788.0,47756.0,47488.0
575.7859500192924,45516.0,0.0,47950.0,47602.0,48027.0,48479.0,48174.0,47695.0,48207.0,47715.0,47807.0,48089.0,47810.0,47963.0,48010.0,48128.0,47463.0,47682.0,48008.0,47740.0,48120.0,47576.0,47601.0
576.7750256341636,45296.0,0.0,47608.0,47526.0,47607.0,47650.0,47427.0,47631.0,47775.0,47675.0,47548.0,47768.0,47717.0,47751.0,47584.0,47825.0,47708.0,47535.0,47558.0,47640.0,47694.0,47287.0,47616.0
577.763489455004,45242.0,0.0,47367.0,47222.0,47754.0,47757.0,47734.0,47699.0,47622.0,47749.0,47570.0,47316.0,47567.0,47381.0,47634.0,47322.0,47440.0,47963.0,47763.0,47841.0,47778.0,47491.0,47880.0
578.7513411342562,45420.0,0.0,47575.0,47717.0,47367.0,47247.0,47589.0,47644.0,47434.0,47390.0,47599.0,46970.0,47664.0,47237.0,47609.0,47176.0,47504.0,47522.0,47342.0,47480.0,47399.0,47476.0,47267.0
579.7385802519154,45683.0,0.0,47632.0,47721.0,47954.0,47595.0,47723.0,47267.0,47756.0,47741.0,47456.0,47349.0,48154.0,47556.0,47561.0,47592.0,47585.0,47638.0,47486.0,47821.0,47716.0,47910.0,47553.0
580.7252063166308,45240.0,0.0,47581.0,47773.0,47881.0,47490.0,47338.0,47330.0,47657.0,47607.0,47378.0,47482.0,47392.0,47618.0,47394.0,47608.0,47591.0,47539.0,47743.0,47322.0,47828.0,47945.0,47446.0
581.7112187668074,45311.0,0.0,47224.0,47532.0,47119.0,47277.0,47356.0,47018.0,47724.0,47378.0,47108.0,47222.0,47392.0,47317.0,47617.0,47487.0,47549.0,47499.0,47458.0,47402.0,47447.0,47304.0,47263.0
582.6966169717111,45283.0,0.0,47352.0,47736.0,47531.0,47171.0,47512.0,47447.0,47581.0,47399.0,47296.0,47454.0,47655.0,47449.0,47565.0,47398.0,47550.0,47498.0,47445.0,47375.0,47427.0,47559.0,47437.0
583.6814002325696,45484.0,0.0,47271.0,47277.0,47269.0,47444.0,47644.0,47890.0,47823.0,47447.0,47561.0,47371.0,47503.0,47327.0,47198.0,47483.0,47648.0,47772.0,47656.0,47618.0,47295.0,47519.0,47448.0
584.665567783676,45410.0,0.0,47561.0,47500.0,47032.0,47313.0,47321.0,47332.0,47710.0,47477.0,47623.0,47534.0,47443.0,47450.0,47133.0,47584.0,47731.0,47546.0,47587.0,47903.0,47499.0,47355.0,47234.0
585.6491187934914,45441.0,0.0,47161.0,47355.0,47592.0,47423.0,47340.0,47220.0,47537.0,47517.0,46983.0,47517.0,47598.0,47604.0,47452.0,47085.0,47646.0,47443.0,47499.0,47422.0,47496.0,47063.0,47107.0
586.6320523657488,45475.0,0.0,47188.0,47220.0,47276.0,47210.0,47734.0,47876.0,47517.0,47418.0,47342.0,47058.0,47136.0,47416.0,47593.0,47306.0,47164.0,47557.0,47507.0,47424.0,47320.0,47070.0,47341.0
587.6143675405531,44863.0,0.0,47207.0,47125.0,47308.0,47635.0,47424.0,47142.0,47136.0,47315.0,47341.0,47166.0,47368.0,47263.0,46883.0,47199.0,47205.0,47057.0,47186.0,47484.0,46967.0,47336.0,47241.0
588.596063295487,44943.0,0.0,46857.0,47273.0,46863.0,47373.0,47008.0,47214.0,46984.0,47114.0,47104.0,46788.0,47059.0,47096.0,47132.0,47171.0,47065.0,47060.0,46721.0,47221.0,47199.0,47155.0,47088.0
589.5771385467126,44368.0,0.0,47003.0,46984.0,47277.0,46638.0,46824.0,46743.0,46739.0,47140.0,46922.0,46835.0,46913.0,46689.0,47078.0,47252.0,46885.0,47478.0,46853.0,47121.0,47217.0,46978.0,46759.0
590.5575921500733,44418.0,0.0,46866.0,46792.0,46486.0,46525.0,46795.0,46797.0,46702.0,46489.0,46678.0,46552.0,46463.0,46541.0,46729.0,46938.0,46641.0,47049.0,46591.0,46834.0,46838.0,46469.0,46769.0
591.5374229021982,44281.0,0.0,46297.0,46496.0,46349.0,46275.0,46264.0,46340.0,46349.0,46739.0,46526.0,46556.0,46722.0,46479.0,46523.0,46472.0,46625.0,46353.0,46338.0,46823.0,46515.0,46536.0,46573.0
592.5166295416034,44116.0,0.0,46240.0,46175.0,46177.0,46292.0,46597.0,46083.0,46551.0,46364.0,46500.0,45982.0,46216.0,46101.0,46411.0,46116.0,46366.0,46531.0,46236.0,46264.0,46365.0,46442.0,46180.0
593.495210749796,43885.0,0.0,45917.0,46076.0,46101.0,46035.0,46010.0,46039.0,46390.0,46312.0,46344.0,46158.0,46258.0,46216.0,46070.0,45959.0,46326.0,46373.0,46132.0,46404.0,46277.0,46464.0,45908.0
594.4731651523764,43657.0,0.0,46115.0,46396.0,46407.0,46111.0,46089.0,45970.0,46077.0,46025.0,46099.0,46142.0,46260.0,46571.0,46059.0,46248.0,45861.0,46394.0,46173.0,46396.0,46158.0,46356.0,46071.0
595.4504913201412,43977.0,0.0,46365.0,46231.0,46088.0,46305.0,46176.0,46340.0,46313.0,46194.0,46442.0,46132.0,46454.0,46233.0,46214.0,46188.0,46071.0,46524.0,46447.0,46416.0,46501.0,46120.0,46022.0
596.4271877701858,43882.0,0.0,46206.0,46256.0,46198.0,46060.0,46218.0,45895.0,45963.0,45940.0,46059.0,46106.0,46344.0,46127.0,46247.0,46305.0,45812.0,46440.0,46131.0,46566.0,46160.0,46429.0,46354.0
597.4032529670071,44059.0,0.0,46644.0,46694.0,46224.0,46814.0,46581.0,46332.0,46685.0,46537.0,46934.0,46665.0,47045.0,46490.0,46779.0,46310.0,46091.0,46414.0,46371.0,46601.0,46446.0,46602.0,46470.0
598.3786853236071,44103.0,0.0,46530.0,46408.0,46343.0,46676.0,46053.0,46211.0,46562.0,46709.0,46775.0,46637.0,46441.0,46460.0,46182.0,46592.0,46526.0,46257.0,46681.0,46394.0,46345.0,46494.0,46200.0
599.3534832025947,44609.0,0.0,47056.0,46832.0,46853.0,46741.0,47051.0,47104.0,47152.0,46861.0,47266.0,46708.0,46968.0,46752.0,47062.0,46916.0,46816.0,47039.0,46856.0,46749.0,46704.0,46836.0,46912.0
600.3276449172891,44538.0,0.0,47035.0,46514.0,47128.0,46631.0,46556.0,46380.0,47099.0,46560.0,46701.0,46811.0,47013.0,46881.0,46528.0,47099.0,46772.0,47058.0,47113.0,46862.0,46829.0,46885.0,46908.0
601.3011687328226,44975.0,0.0,47191.0,47030.0,47025.0,47044.0,46977.0,46935.0,47026.0,46958.0,46925.0,46973.0,47282.0,47099.0,46571.0,47079.0,46972.0,47112.0,46840.0,46624.0,47273.0,46930.0,46667.0
602.2740528672432,44813.0,0.0,46965.0,47003.0,47280.0,47133.0,47224.0,47073.0,47320.0,46897.0,46998.0,46772.0,47120.0,46949.0,47246.0,47072.0,46703.0,47101.0,46797.0,47190.0,46938.0,47228.0,46759.0
603.2462954926174,45303.0,0.0,47370.0,46933.0,47232.0,46803.0,47407.0,47488.0,47552.0,47356.0,47452.0,47261.0,47360.0,47252.0,47630.0,47447.0,47222.0,47393.0,47409.0,47231.0,47451.0,46888.0,47207.0
604.2178947361327,45327.0,0.0,47728.0,47427.0,47344.0,47203.0,47217.0,47203.0,47538.0,47251.0,47567.0,47207.0,47436.0,47036.0,47174.0,47610.0,47238.0,47389.0,47090.0,47460.0,47582.0,47217.0,47599.0
605.1888486812019,45669.0,0.0,47192.0,47218.0,47177.0,47297.0,47288.0,47351.0,47790.0,47347.0,47484.0,47901.0,47545.0,47684.0,47230.0,47277.0,47454.0,47675.0,47463.0,47470.0,47500.0,47424.0,47542.0
606.1591553685635,45456.0,0.0,47478.0,47292.0,47204.0,47283.0,47331.0,47396.0,47358.0,47381.0,47244.0,47399.0,47604.0,47233.0,47502.0,47411.0,47712.0,47253.0,47789.0,47641.0,47636.0,47290.0,47542.0
607.1288127973861,45943.0,0.0,47601.0,47520.0,47592.0,47495.0,47535.0,47322.0,47703.0,47497.0,47388.0,47345.0,47473.0,47603.0,47712.0,47508.0,46957.0,47634.0,47627.0,47472.0,47758.0,47411.0,47451.0
608.0978189263717,45657.0,0.0,47410.0,47788.0,47632.0,47715.0,47560.0,47573.0,47513.0,47544.0,47673.0,47831.0,47710.0,47634.0,47747.0,47704.0,47436.0,47764.0,47776.0,47908.0,48281.0,47505.0,47573.0
609.0661716748571,45670.0,0.0,47414.0,47470.0,47425.0,47247.0,47148.0,47588.0,47346.0,47524.0,47377.0,47345.0,47781.0,47253.0,47480.0,47320.0,47301.0,47504.0,47456.0,47690.0,47465.0,47387.0,47472.0
610.0338689239168,45261.0,0.0,47391.0,46973.0,47174.0,47457.0,47201.0,47050.0,47397.0,47199.0,47046.0,47466.0,47152.0,47198.0,47047.0,46933.0,46981.0,47155.0,47150.0,47286.0,46998.0,47107.0,47065.0
611.0009085174668,45655.0,0.0,46990.0,47245.0,47176.0,47064.0,47178.0,47335.0,47033.0,47454.0,47490.0,47095.0,46784.0,47283.0,47218.0,47349.0,47077.0,47129.0,47128.0,47202.0,47024.0,47293.0,47210.0
611.9672882633677,45531.0,0.0,46585.0,47053.0,47086.0,46810.0,46780.0,46841.0,46918.0,47071.0,46970.0,46821.0,46668.0,47151.0,47114.0,46699.0,46745.0,46964.0,46675.0,47057.0,47009.0,47083.0,46848.0
612.9330059345251,45458.0,0.0,46663.0,46853.0,46886.0,46374.0,46692.0,46918.0,46838.0,46799.0,46912.0,46721.0,46699.0,46783.0,46838.0,46474.0,46732.0,46662.0,46945.0,46953.0,46762.0,46444.0,46578.0
613.8980592699952,45256.0,0.0,46818.0,46326.0,46543.0,46652.0,46811.0,46730.0,46922.0,46658.0,47185.0,46786.0,46672.0,47004.0,46571.0,46849.0,46697.0,46789.0,46818.0,46690.0,46487.0,46462.0,46922.0
614.8624459760858,45356.0,0.0,46547.0,46537.0,46256.0,46807.0,46528.0,46752.0,46763.0,46625.0,46808.0,46257.0,46861.0,46842.0,46487.0,46785.0,46396.0,46393.0,46318.0,46205.0,46620.0,46556.0,46651.0
615.8261637274602,45552.0,0.0,46438.0,46586.0,45948.0,46314.0,46596.0,46546.0,46551.0,46544.0,46556.0,46425.0,46441.0,46424.0,46316.0,46541.0,46487.0,46486.0,46405.0,46282.0,46341.0,46326.0,46273.0
616.7892101682392,45668.0,0.0,46669.0,46911.0,46952.0,46680.0,46796.0,46782.0,46641.0,46634.0,47007.0,46681.0,46774.0,46474.0,46805.0,46779.0,46796.0,46628.0,46771.0,46758.0,46719.0,46608.0,46940.0
617.7515829131042,46015.0,0.0,47300.0,47033.0,46812.0,47424.0,47017.0,46959.0,47473.0,46960.0,47120.0,47505.0,47256.0,46913.0,47385.0,47007.0,47426.0,46939.0,47140.0,47200.0,47049.0,47318.0,47095.0
618.7132795484002,46675.0,0.0,47353.0,47277.0,47062.0,47360.0,47348.0,47440.0,47421.0,47650.0,47663.0,47339.0,47499.0,47434.0,47165.0,47631.0,47633.0,47462.0,47452.0,47291.0,47743.0,47421.0,47379.0
619.6742976332381,47204.0,0.0,47960.0,47763.0,47845.0,47814.0,48003.0,47565.0,48048.0,47623.0,47774.0,47746.0,47772.0,47439.0,47786.0,47858.0,47933.0,47913.0,47629.0,47607.0,47908.0,48045.0,47840.0
620.6346347005986,47603.0,0.0,48232.0,47714.0,47770.0,47723.0,48017.0,48049.0,48036.0,47574.0,48075.0,47490.0,47531.0,47924.0,48068.0,47898.0,48094.0,47862.0,48085.0,47886.0,48063.0,48002.0,47938.0
621.5942882584335,48014.0,0.0,48517.0,48318.0,47723.0,48153.0,48342.0,47877.0,48700.0,48181.0,48431.0,48402.0,48154.0,47901.0,48319.0,48289.0,48020.0,48277.0,48265.0,48290.0,48035.0,47951.0,47926.0
622.5532557907692,48372.0,0.0,49095.0,48643.0,48182.0,48063.0,48570.0,48489.0,48797.0,48725.0,48322.0,48627.0,48477.0,48449.0,48453.0,48817.0,48773.0,48811.0,48314.0,48752.0,48650.0,48172.0,48639.0
623.5115347588103,48754.0,0.0,48529.0,48379.0,48369.0,48690.0,48404.0,48819.0,48578.0,48619.0,48596.0,48510.0,48722.0,48483.0,48546.0,48458.0,48350.0,48713.0,48484.0,48430.0,48658.0,48811.0,48570.0
624.4691226020409,48799.0,0.0,49061.0,49091.0,48877.0,49188.0,49058.0,48976.0,49020.0,48753.0,48721.0,48663.0,49039.0,48911.0,48918.0,48681.0,49096.0,48743.0,49023.0,49176.0,49091.0,48840.0,48876.0
625.4260167393287,48921.0,0.0,49161.0,48724.0,49076.0,48861.0,48842.0,49108.0,48952.0,48788.0,48765.0,48879.0,48580.0,49256.0,49493.0,48899.0,48494.0,48711.0,48732.0,49119.0,48996.0,48957.0,48956.0
626.3822145700266,49407.0,0.0,48921.0,48791.0,48829.0,48648.0,48837.0,48869.0,48933.0,49150.0,48843.0,48893.0,48742.0,48667.0,49088.0,48777.0,48893.0,48783.0,48935.0,49064.0,49327.0,49260.0,49099.0
627.3377134750767,49070.0,0.0,48606.0,48469.0,48801.0,48725.0,48702.0,49052.0,48627.0,48775.0,48998.0,49056.0,48720.0,48614.0,48711.0,48265.0,48555.0,48378.0,48637.0,48570.0,48909.0,48650.0,48804.0
628.2925108181129,49735.0,0.0,48948.0,49000.0,48919.0,49127.0,48836.0,48696.0,48971.0,49040.0,49171.0,48920.0,49130.0,48817.0,49139.0,48810.0,48739.0,48916.0,48890.0,48885.0,49216.0,49160.0,48757.0
629.2466039465621,49953.0,0.0,49257.0,49442.0,49185.0,48956.0,49090.0,49287.0,49441.0,48975.0,49569.0,49311.0,48960.0,49492.0,49295.0,49381.0,49224.0,49298.0,48832.0,49278.0,49168.0,49267.0,49019.0
630.1999901927499,50050.0,0.0,49218.0,49312.0,48842.0,49358.0,49225.0,49138.0,49599.0,49786.0,49407.0,49117.0,48901.0,49195.0,49501.0,49376.0,49408.0,49293.0,49276.0,49430.0,49342.0,49317.0,49198.0
631.1526668750003,49700.0,0.0,48933.0,49091.0,48831.0,49229.0,48938.0,49245.0,49325.0,49110.0,49132.0,49291.0,49161.0,49155.0,49429.0,49205.0,49468.0,49341.0,49290.0,49467.0,49492.0,49400.0,49119.0
632.1046312987409,49516.0,0.0,48582.0,48909.0,48863.0,48848.0,48732.0,48843.0,48893.0,48859.0,48671.0,48848.0,48847.0,48541.0,48583.0,48566.0,48731.0,48948.0,48770.0,48914.0,48738.0,48762.0,48787.0
633.0558807576044,49202.0,0.0,48303.0,48678.0,48552.0,48406.0,48351.0,48305.0,48877.0,48436.0,48588.0,48585.0,48430.0,48240.0,48077.0,48752.0,48176.0,48764.0,48282.0,48414.0,48468.0,48303.0,48377.0
634.0064125345325,49055.0,0.0,48083.0,47990.0,48008.0,47941.0,47966.0,48220.0,48200.0,47679.0,47742.0,48044.0,48095.0,48132.0,48010.0,47984.0,48225.0,48067.0,48023.0,48369.0,47982.0,48109.0,48276.0
634.9562239028766,49575.0,0.0,48488.0,48386.0,48149.0,48061.0,48035.0,48267.0,48727.0,48167.0,48496.0,48452.0,48532.0,47782.0,48084.0,48307.0,47931.0,48208.0,48459.0,48404.0,48464.0,48087.0,48196.0
635.9053121275032,50266.0,0.0,49007.0,48616.0,48706.0,48720.0,48655.0,48743.0,49078.0,48661.0,49160.0,48787.0,48972.0,48911.0,48725.0,48865.0,48844.0,48969.0,48942.0,49227.0,49185.0,48903.0,48697.0
636.8536744658952,50323.0,0.0,48988.0,49020.0,49320.0,48909.0,49077.0,49419.0,49312.0,49210.0,49028.0,48864.0,49351.0,49029.0,49140.0,48996.0,49343.0,49147.0,49208.0,49276.0,49079.0,49024.0,48945.0
637.8013081692549,50147.0,0.0,48946.0,48748.0,48969.0,48630.0,48587.0,48450.0,48885.0,48753.0,48889.0,48440.0,48430.0,48916.0,48656.0,48742.0,48871.0,48739.0,49042.0,48786.0,48461.0,48726.0,48949.0
638.7482104836065,50077.0,0.0,48441.0,48634.0,48391.0,48543.0,48374.0,48629.0,48569.0,48659.0,49022.0,48621.0,48316.0,48572.0,48897.0,48553.0,49008.0,48339.0,48646.0,48625.0,48451.0,48337.0,48511.0
639.6943786509004,50491.0,0.0,48944.0,48969.0,49033.0,49418.0,48961.0,48971.0,49047.0,48751.0,48757.0,49085.0,48747.0,49122.0,48857.0,49025.0,49085.0,48924.0,49090.0,48956.0,49102.0,49067.0,48698.0
640.6398099101137,50418.0,0.0,48957.0,48699.0,49022.0,48964.0,48996.0,48738.0,48938.0,48978.0,48948.0,48651.0,48744.0,48602.0,48864.0,48559.0,48758.0,49081.0,48899.0,49192.0,49042.0,48852.0,49088.0
641.584501498355,50630.0,0.0,48794.0,49088.0,49194.0,49134.0,48952.0,49155.0,49478.0,48812.0,49114.0,49162.0,49138.0,48838.0,48826.0,48997.0,49167.0,49201.0,49476.0,49260.0,49209.0,49095.0,49170.0
642.5284506519665,50545.0,0.0,49108.0,48893.0,49126.0,49189.0,48785.0,49031.0,49334.0,49402.0,49118.0,49204.0,49064.0,48932.0,49156.0,48745.0,48958.0,48881.0,49312.0,49204.0,49457.0,49227.0,49592.0
643.4716546076262,50657.0,0.0,49206.0,48910.0,48777.0,48864.0,49322.0,49056.0,49281.0,49220.0,49159.0,49083.0,49164.0,49320.0,48747.0,49362.0,48856.0,48844.0,49197.0,48833.0,48950.0,49084.0,49119.0
644.4141106034513,50133.0,0.0,48650.0,48586.0,48639.0,48395.0,48485.0,48678.0,48862.0,48695.0,48968.0,48823.0,48977.0,48629.0,48608.0,48383.0,48538.0,48681.0,48604.0,48980.0,48556.0,48385.0,48739.0
645.3558158801011,49964.0,0.0,48124.0,48683.0,48427.0,48376.0,48460.0,48486.0,48468.0,48386.0,48670.0,48794.0,48664.0,48436.0,48330.0,48625.0,48407.0,48580.0,48063.0,48578.0,48373.0,48484.0,48441.0
646.2967676818799,49443.0,0.0,48385.0,47980.0,48140.0,47913.0,48353.0,48354.0,48073.0,48541.0,48489.0,48241.0,48244.0,48011.0,47612.0,47950.0,48414.0,48591.0,48122.0,48174.0,48451.0,48089.0,48124.0
647.2369632578393,49030.0,0.0,47409.0,47860.0,47348.0,47609.0,47722.0,47533.0,47545.0,47900.0,47686.0,47620.0,47678.0,47596.0,47488.0,47675.0,47898.0,47924.0,47577.0,48013.0,47785.0,47781.0,47649.0
648.1763998628809,48357.0,0.0,46667.0,46933.0,46723.0,46638.0,46715.0,46749.0,46943.0,46981.0,46821.0,46318.0,46550.0,46646.0,46711.0,46836.0,46865.0,46437.0,46599.0,46981.0,46652.0,46514.0,46887.0
649.1150747588601,48080.0,0.0,46402.0,46749.0,46395.0,46449.0,46470.0,46365.0,46725.0,46584.0,46596.0,46632.0,46777.0,46879.0,46567.0,46659.0,46441.0,46602.0,46868.0,46857.0,46686.0,46803.0,46485.0
650.052985215688,47505.0,0.0,46153.0,46303.0,46328.0,46344.0,46299.0,46252.0,46302.0,46512.0,46568.0,46354.0,46341.0,45734.0,46467.0,46473.0,46164.0,46181.0,46544.0,46613.0,46163.0,46367.0,46406.0
650.9901285124341,47055.0,0.0,45859.0,45963.0,45432.0,45381.0,45875.0,45670.0,45501.0,45513.0,45790.0,45964.0,46136.0,45730.0,45739.0,45686.0,45272.0,45802.0,45439.0,45725.0,45789.0,45878.0,45681.0
651.9265019384301,46768.0,0.0,45600.0,45351.0,45446.0,45420.0,45644.0,45478.0,45887.0,45442.0,45146.0,45582.0,45193.0,45693.0,45590.0,46140.0,45724.0,45783.0,45803.0,45626.0,45432.0,45815.0,45711.0
652.8621027943716,46079.0,0.0,45234.0,45471.0,45564.0,45471.0,45505.0,45173.0,45683.0,45249.0,45318.0,45528.0,45313.0,45276.0,45717.0,45360.0,45236.0,45428.0,45438.0,45244.0,45419.0,45402.0,45361.0
653.796928393421,45621.0,0.0,44786.0,45140.0,44912.0,45074.0,44863.0,44830.0,45387.0,44912.0,44976.0,45244.0,45102.0,45072.0,44897.0,45053.0,45239.0,44752.0,44644.0,45141.0,45081.0,44895.0,44742.0
654.7309760623122,45081.0,0.0,44094.0,43843.0,44020.0,43837.0,44237.0,43667.0,44219.0,44404.0,44283.0,44129.0,44190.0,43824.0,43868.0,44297.0,44457.0,44122.0,43997.0,43959.0,44447.0,43966.0,44325.0
655.66424314245,44525.0,0.0,43582.0,43927.0,43649.0,43526.0,43519.0,43828.0,43950.0,43975.0,44130.0,43840.0,43702.0,43771.0,43889.0,43803.0,43877.0,43590.0,43596.0,43851.0,43945.0,43770.0,43797.0
656.5967269910162,44075.0,0.0,43427.0,43756.0,43350.0,43307.0,43531.0,42870.0,43215.0,43439.0,43536.0,43641.0,43517.0,43329.0,43510.0,43449.0,43754.0,43648.0,43498.0,43667.0,43620.0,43295.0,43472.0
657.5284249820699,43471.0,0.0,42998.0,43408.0,42536.0,42817.0,42578.0,42990.0,43254.0,42869.0,42640.0,43300.0,43336.0,42879.0,42847.0,43044.0,43192.0,42944.0,42839.0,43233.0,42942.0,43061.0,42875.0
658.4593345076527,42560.0,0.0,42086.0,42323.0,42029.0,42235.0,41860.0,42565.0,41984.0,42481.0,42393.0,42688.0,42037.0,42377.0,42042.0,42432.0,42315.0,42104.0,42181.0,42110.0,42430.0,42183.0,42282.0
659.3894529788885,42111.0,0.0,41637.0,41600.0,41847.0,41948.0,41551.0,41813.0,41940.0,41901.0,41877.0,41899.0,41860.0,41678.0,41752.0,41875.0,41805.0,42197.0,41871.0,41955.0,42005.0,41734.0,41818.0
660.3187778270894,41500.0,0.0,41476.0,41209.0,41218.0,41197.0,41228.0,41354.0,41501.0,41566.0,41242.0,41613.0,41397.0,41208.0,41384.0,41522.0,41409.0,41167.0,41594.0,41415.0,41342.0,41113.0,41522.0
661.2473065048567,40729.0,0.0,40564.0,40735.0,41086.0,40800.0,40623.0,40861.0,40845.0,40652.0,40751.0,40953.0,40724.0,40671.0,40908.0,41076.0,40892.0,40858.0,40858.0,41254.0,40651.0,40748.0,40674.0
662.1750364871838,40465.0,0.0,40443.0,40727.0,40954.0,40646.0,40393.0,40456.0,40621.0,40327.0,40657.0,40758.0,40918.0,40801.0,40829.0,40620.0,40546.0,40984.0,40785.0,40434.0,40858.0,40709.0,40710.0
663.1019652725597,39732.0,0.0,40161.0,39925.0,40011.0,40181.0,39860.0,39813.0,40017.0,39931.0,40181.0,40507.0,40187.0,40322.0,40328.0,40296.0,39994.0,40239.0,40260.0,40002.0,39733.0,40123.0,39821.0
664.0280903840711,39248.0,0.0,39322.0,39161.0,39295.0,39809.0,39674.0,39338.0,39849.0,39583.0,39408.0,39351.0,39570.0,39479.0,39616.0,39344.0,39605.0,39029.0,39356.0,39380.0,39140.0,39184.0,39546.0
664.9534093705056,38800.0,0.0,38972.0,38835.0,38946.0,39098.0,39286.0,39033.0,39212.0,39144.0,38902.0,39275.0,38918.0,39408.0,39172.0,38688.0,38798.0,39022.0,39240.0,39268.0,38889.0,38971.0,39246.0
665.8779198074546,38008.0,0.0,37888.0,38265.0,38417.0,38355.0,38594.0,38336.0,38631.0,38270.0,38391.0,38334.0,38470.0,38368.0,38124.0,38415.0,38477.0,38433.0,38447.0,38548.0,38347.0,38483.0,38390.0
666.8016192984161,37328.0,0.0,38403.0,38508.0,38174.0,38366.0,38312.0,38412.0,38061.0,38166.0,38499.0,38207.0,38365.0,38466.0,38172.0,38437.0,38395.0,38217.0,38350.0,38403.0,38455.0,38352.0,38058.0
667.7245054758966,36934.0,0.0,37739.0,37701.0,37728.0,37651.0,37840.0,37696.0,37785.0,37812.0,37861.0,37779.0,37826.0,37798.0,37892.0,37967.0,37807.0,37565.0,37965.0,37993.0,38063.0,37754.0,37687.0
668.646576002515,36059.0,0.0,36990.0,37010.0,37290.0,36885.0,36965.0,37178.0,37232.0,37286.0,37022.0,37410.0,37050.0,37375.0,37111.0,37355.0,36758.0,37158.0,37112.0,37173.0,37220.0,37385.0,37136.0
669.5678285721054,35605.0,0.0,36168.0,36477.0,36464.0,36577.0,36675.0,36446.0,36637.0,36388.0,36424.0,36546.0,36524.0,36483.0,36554.0,36374.0,36646.0,36735.0,36168.0,36504.0,36526.0,36452.0,36523.0
670.4882609108192,35174.0,0.0,36370.0,35503.0,36257.0,35910.0,35511.0,35996.0,36114.0,35639.0,35982.0,35764.0,35770.0,35965.0,35728.0,36029.0,35543.0,36217.0,35836.0,35595.0,35862.0,35907.0,35802.0
671.4078707782282,34443.0,0.0,35256.0,35378.0,35623.0,35196.0,35403.0,35281.0,35652.0,35582.0,35410.0,35098.0,35331.0,35074.0,35521.0,35453.0,35303.0,35378.0,35718.0,35278.0,35584.0,35209.0,35290.0
672.3266559684274,33963.0,0.0,34824.0,34738.0,34945.0,34645.0,34631.0,34673.0,34780.0,34754.0,34700.0,35048.0,34664.0,34760.0,34861.0,34625.0,34887.0,34696.0,35219.0,34808.0,34800.0,34440.0,34824.0
673.2446143111383,33463.0,0.0,34472.0,34169.0,34457.0,34466.0,34543.0,34547.0,34783.0,34275.0,34322.0,34366.0,34503.0,34509.0,34571.0,34383.0,34656.0,34566.0,34345.0,34382.0,34573.0,34633.0,34438.0
674.1617436728106,32967.0,0.0,34464.0,34183.0,34306.0,34342.0,34544.0,34287.0,34075.0,34322.0,34183.0,34487.0,34294.0,34653.0,34057.0,34408.0,34221.0,34349.0,34261.0,34483.0,34552.0,34291.0,33959.0
675.0780419577266,32355.0,0.0,33914.0,33861.0,34053.0,33863.0,33896.0,33731.0,34083.0,33985.0,33870.0,33900.0,33836.0,33433.0,33836.0,34177.0,33507.0,33763.0,33855.0,34113.0,34098.0,33974.0,33585.0
675.9935071091018,31875.0,0.0,33255.0,33480.0,33174.0,33353.0,33380.0,33474.0,33560.0,33420.0,33512.0,33580.0,33403.0,33589.0,33629.0,33409.0,33278.0,33773.0,33496.0,33108.0,33208.0,33317.0,33426.0
676.9081371101897,31302.0,0.0,32963.0,32748.0,32694.0,32751.0,32814.0,33119.0,33111.0,32798.0,32691.0,32820.0,32954.0,32832.0,32799.0,32927.0,32651.0,32899.0,32871.0,33057.0,32894.0,32894.0,32538.0
677.8219299853841,30550.0,0.0,32481.0,32185.0,32477.0,32486.0,32381.0,32283.0,32350.0,32338.0,32579.0,32225.0,32594.0,32354.0,32573.0,32511.0,32695.0,32673.0,32647.0,32355.0,32611.0,32371.0,32325.0
678.7348838013214,30229.0,0.0,31911.0,31711.0,32145.0,31847.0,31868.0,31941.0,32131.0,32035.0,31929.0,32101.0,32142.0,32326.0,31996.0,31622.0,31956.0,31843.0,32255.0,32136.0,31891.0,32082.0,31938.0
679.6469966679834,29531.0,0.0,31320.0,31079.0,31366.0,31204.0,31697.0,31236.0,31412.0,31649.0,31297.0,31050.0,31217.0,31332.0,31196.0,31538.0,31038.0,31005.0,31193.0,31085.0,31507.0,31434.0,31256.0
680.5582667398007,28948.0,0.0,31153.0,31059.0,31076.0,30714.0,31236.0,30938.0,31398.0,31262.0,31119.0,31467.0,30985.0,31195.0,30940.0,30747.0,30953.0,31141.0,31360.0,31320.0,31218.0,30955.0,31014.0
681.4686922167551,28342.0,0.0,30173.0,30319.0,30579.0,30300.0,30242.0,30428.0,30618.0,30634.0,30376.0,30419.0,30626.0,30454.0,30391.0,30468.0,30704.0,30296.0,30704.0,30652.0,30648.0,30658.0,30698.0
682.3782713454826,28074.0,0.0,30265.0,30419.0,30561.0,30270.0,30462.0,30599.0,30630.0,30505.0,30401.0,30434.0,30294.0,30490.0,30359.0,30155.0,30372.0,30550.0,30596.0,30388.0,30485.0,30090.0,30294.0
683.2870024203761,27195.0,0.0,29716.0,29657.0,29695.0,29672.0,29628.0,30023.0,29889.0,29830.0,29887.0,29725.0,29699.0,29908.0,29760.0,30028.0,29813.0,29720.0,29813.0,29886.0,29987.0,29675.0,29897.0
684.1948837846878,26849.0,0.0,29516.0,29409.0,29394.0,29190.0,29591.0,29561.0,29337.0,29415.0,29646.0,29515.0,29749.0,29735.0,29717.0,29516.0,29383.0,29209.0,29649.0,29635.0,29551.0,29392.0,29773.0
685.1019138316328,25998.0,0.0,29080.0,29049.0,28894.0,28918.0,29077.0,28865.0,29041.0,29164.0,29108.0,29212.0,29152.0,29133.0,29402.0,29230.0,28982.0,28849.0,29360.0,29204.0,28977.0,29073.0,28956.0
686.0080910054917,25886.0,0.0,28731.0,28455.0,28576.0,28815.0,28750.0,28749.0,28550.0,28802.0,28795.0,28826.0,28546.0,28545.0,28594.0,28452.0,28631.0,28416.0,28652.0,28425.0,28800.0,28895.0,28804.0
686.9134138027125,25243.0,0.0,28680.0,28715.0,28367.0,28426.0,28729.0,28785.0,28660.0,28742.0,28548.0,28675.0,28896.0,28377.0,28677.0,28876.0,28789.0,28411.0,28480.0,28488.0,28709.0,28885.0,28724.0
687.8178807730148,24746.0,0.0,28259.0,28239.0,28385.0,28329.0,28087.0,28405.0,28183.0,28301.0,28406.0,28379.0,28304.0,28490.0,28459.0,28221.0,28512.0,28307.0,28348.0,28181.0,28180.0,28437.0,28248.0
688.7214905204918,24023.0,0.0,27993.0,27888.0,27933.0,27666.0,27795.0,27944.0,27696.0,27751.0,28193.0,28095.0,27824.0,27983.0,27789.0,27950.0,27934.0,27929.0,28010.0,27843.0,27934.0,28053.0,27837.0
689.6242417047124,23719.0,0.0,27444.0,27117.0,27329.0,26956.0,27278.0,27184.0,27413.0,27191.0,27566.0,27256.0,27356.0,27272.0,27244.0,27337.0,27198.0,27272.0,27080.0,27380.0,27081.0,27269.0,27179.0
690.5261330418261,23542.0,0.0,27267.0,27203.0,27271.0,27164.0,27480.0,27639.0,27398.0,27509.0,27524.0,27097.0,27441.0,27160.0,27629.0,27342.0,27160.0,27178.0,27283.0,27238.0,27450.0,27045.0,27261.0
691.4271633056642,23008.0,0.0,26984.0,27223.0,27297.0,27010.0,26858.0,27119.0,26963.0,27076.0,26999.0,26991.0,27178.0,26878.0,27091.0,27175.0,27414.0,26979.0,26930.0,26968.0,27205.0,27178.0,27092.0
692.3273313288416,22670.0,0.0,26576.0,26282.0,26767.0,26451.0,26557.0,26270.0,26532.0,26521.0,26669.0,26416.0,26573.0,26607.0,26241.0,26280.0,26677.0,26571.0,26509.0,26905.0,26610.0,26896.0,26542.0
693.2266360038627,22656.0,0.0,26244.0,26256.0,26448.0,26232.0,26289.0,26369.0,26564.0,26321.0,26665.0,26296.0,26561.0,26270.0,26494.0,26322.0,26351.0,26375.0,26452.0,26572.0,26398.0,26460.0,26293.0
694.1250762842217,22582.0,0.0,26109.0,26319.0,26355.0,26237.0,26450.0,26314.0,26539.0,26039.0,26610.0,26591.0,26222.0,25851.0,26346.0,26170.0,26171.0,26582.0,26297.0,26119.0,25986.0,26202.0,26247.0
695.022651185506,21387.0,0.0,25887.0,25661.0,26263.0,25673.0,25677.0,25732.0,25869.0,25712.0,25758.0,25827.0,25540.0,25863.0,25773.0,25745.0,26005.0,26003.0,25789.0,25980.0,25984.0,25763.0,25536.0
695.9193597864994,20348.0,0.0,25702.0,25299.0,25393.0,25382.0,25246.0,25438.0,25371.0,25471.0,25658.0,25288.0,25464.0,25339.0,25436.0,25441.0,25380.0,25382.0,25377.0,25554.0,25437.0,25684.0,25417.0
696.8152012302846,20457.0,0.0,25411.0,25252.0,25554.0,25524.0,25553.0,25360.0,25532.0,25508.0,25741.0,25266.0,25502.0,25519.0,25632.0,25493.0,25754.0,25657.0,25392.0,25462.0,25688.0,25277.0,25586.0
697.7101747253461,19781.0,0.0,25200.0,25040.0,24988.0,25161.0,25053.0,24735.0,25281.0,25181.0,24991.0,25114.0,24928.0,25099.0,25162.0,25052.0,25372.0,25155.0,25244.0,25075.0,25256.0,24936.0,25329.0
698.6042795466723,19269.0,0.0,25105.0,25086.0,25082.0,24960.0,24764.0,25044.0,24940.0,25112.0,25044.0,25035.0,24863.0,25046.0,24964.0,25134.0,24937.0,25010.0,24689.0,24857.0,24979.0,24978.0,24974.0
699.4975150368605,18729.0,0.0,24352.0,24429.0,24335.0,24562.0,24381.0,24736.0,24759.0,24552.0,24587.0,24295.0,24738.0,24404.0,24585.0,24248.0,24393.0,24457.0,24423.0,24362.0,24576.0,24497.0,24710.0
700.3898806072166,18186.0,0.0,24624.0,24708.0,24677.0,24431.0,24827.0,24927.0,24835.0,24772.0,24598.0,24612.0,24789.0,24644.0,24855.0,24779.0,24547.0,24389.0,24826.0,24550.0,24674.0,24745.0,24653.0
701.2813757388599,17818.0,0.0,24407.0,24396.0,24410.0,24179.0,24600.0,24273.0,24642.0,24504.0,24528.0,24291.0,24464.0,24490.0,24162.0,24427.0,24263.0,24124.0,24447.0,24371.0,24277.0,24175.0,24450.0
702.1719999838263,17387.0,0.0,24253.0,24212.0,24063.0,23816.0,24397.0,24358.0,24352.0,24082.0,24257.0,24149.0,24153.0,24290.0,24092.0,24145.0,24358.0,24285.0,24374.0,24282.0,24337.0,24074.0,23953.0
703.061752966169,16823.0,0.0,24127.0,23805.0,23864.0,23793.0,24002.0,23984.0,24009.0,23806.0,23958.0,23993.0,23952.0,23879.0,23848.0,23975.0,23913.0,24002.0,24369.0,23994.0,24004.0,24177.0,23930.0
703.9506343830635,16540.0,0.0,23788.0,23932.0,23906.0,23670.0,24011.0,24259.0,24032.0,24171.0,23978.0,23877.0,23851.0,23806.0,24212.0,24334.0,23803.0,24103.0,23775.0,23937.0,24084.0,24014.0,23856.0
704.8386440059091,16286.0,0.0,23973.0,23616.0,23789.0,23762.0,23889.0,24077.0,23849.0,23997.0,23809.0,23926.0,23727.0,23865.0,23675.0,24017.0,23806.0,23822.0,23865.0,23824.0,23985.0,23772.0,23808.0
705.7257816814326,15717.0,0.0,23776.0,23549.0,23687.0,23704.0,23929.0,23738.0,23759.0,23834.0,24130.0,23758.0,23683.0,23764.0,23746.0,23746.0,23776.0,23816.0,23642.0,23770.0,23671.0,23614.0,23681.0
706.6120473327898,15193.0,0.0,23147.0,23065.0,23416.0,23399.0,23336.0,22946.0,23539.0,23160.0,23476.0,23101.0,23485.0,23308.0,23275.0,23055.0,23269.0,23301.0,23130.0,23107.0,23181.0,23405.0,23411.0
707.4974409606692,14881.0,0.0,23334.0,23401.0,23490.0,23236.0,23041.0,23242.0,23312.0,23054.0,23378.0,23304.0,23021.0,23036.0,23187.0,23313.0,23316.0,23430.0,23299.0,23133.0,23272.0,23462.0,23130.0
708.3819626443955,14390.0,0.0,23119.0,23219.0,23248.0,23069.0,23015.0,22971.0,23087.0,22709.0,23159.0,23176.0,23211.0,22837.0,22987.0,22881.0,23161.0,23049.0,22750.0,23129.0,23115.0,23157.0,23209.0
709.265612543031,13996.0,0.0,23215.0,23108.0,23095.0,22715.0,23163.0,23132.0,23201.0,22787.0,22898.0,22831.0,22789.0,22884.0,22691.0,23106.0,23182.0,23115.0,22834.0,23097.0,23196.0,22911.0,23030.0
710.1483908964788,13461.0,0.0,22885.0,22940.0,23197.0,22883.0,22903.0,23006.0,22998.0,22747.0,22690.0,22726.0,22737.0,22785.0,23085.0,23079.0,22921.0,23077.0,22722.0,22815.0,23153.0,22730.0,23038.0
711.0302980265863,13218.0,0.0,23200.0,23285.0,23020.0,23195.0,23252.0,23575.0,23542.0,23412.0,23286.0,23212.0,23249.0,23267.0,23299.0,23297.0,23349.0,23447.0,23401.0,23373.0,23427.0,23085.0,23427.0
711.9113343382473,12823.0,0.0,22996.0,22748.0,22835.0,22796.0,23059.0,23024.0,23138.0,22764.0,23042.0,22979.0,22745.0,22974.0,22935.0,22850.0,23134.0,22903.0,23008.0,23137.0,22937.0,22797.0,22832.0
712.7915003205052,12446.0,0.0,23002.0,22828.0,22899.0,22971.0,23025.0,23159.0,22981.0,22829.0,22874.0,22673.0,22598.0,22627.0,22989.0,22979.0,22871.0,23047.0,22923.0,22887.0,22931.0,22805.0,22763.0
713.670796547655,12166.0,0.0,22799.0,22872.0,23118.0,22932.0,22960.0,23085.0,23191.0,22910.0,22906.0,23113.0,23102.0,22798.0,23042.0,22933.0,23076.0,22887.0,23222.0,23149.0,23385.0,23160.0,23189.0
714.5492236803477,11777.0,0.0,22857.0,22957.0,22642.0,22770.0,22885.0,22641.0,22679.0,22952.0,22909.0,22626.0,22825.0,22752.0,22723.0,22739.0,22731.0,22893.0,22981.0,22969.0,22860.0,22636.0,22667.0
715.4267824666914,11349.0,0.0,22286.0,22287.0,22387.0,22289.0,22623.0,22348.0,22469.0,22310.0,22313.0,22685.0,22591.0,22383.0,22631.0,22305.0,22461.0,22726.0,22637.0,22513.0,22506.0,22442.0,22339.0
716.3034737433549,11197.0,0.0,22443.0,22416.0,22599.0,22553.0,22381.0,22454.0,22608.0,22522.0,22678.0,22546.0,22694.0,22587.0,22448.0,22764.0,22406.0,22337.0,22569.0,22401.0,22676.0,22278.0,22636.0
717.1792984366708,10739.0,0.0,22580.0,22880.0,22752.0,22851.0,22926.0,22369.0,22779.0,22630.0,22515.0,22701.0,22759.0,22807.0,22720.0,22474.0,22367.0,22452.0,22622.0,22969.0,22507.0,22587.0,22598.0
718.0542575637378,10491.0,0.0,22496.0,22378.0,22475.0,22709.0,22405.0,22331.0,22598.0,22452.0,22287.0,22436.0,22409.0,22515.0,22507.0,22481.0,22264.0,22401.0,22453.0,22603.0,22783.0,22692.0,22429.0
718.9283522335237,10098.0,0.0,22703.0,22844.0,22400.0,22713.0,22608.0,22566.0,22685.0,22769.0,22889.0,23008.0,22923.0,22532.0,22908.0,22750.0,22670.0,22795.0,22578.0,22735.0,22740.0,22732.0,22685.0
719.8015836479674,9774.0,0.0,22712.0,22987.0,22875.0,23115.0,22688.0,22792.0,22961.0,22999.0,22852.0,22930.0,23227.0,22934.0,23080.0,22944.0,22925.0,22621.0,22850.0,22818.0,23182.0,23020.0,23050.0
720.6739531030839,9602.0,0.0,22790.0,22330.0,22924.0,22748.0,22630.0,22768.0,22560.0,22544.0,22701.0,22613.0,22774.0,22733.0,22696.0,22306.0,22698.0,22557.0,22654.0,22574.0,22561.0,22838.0,22708.0
721.5454619900642,9226.0,0.0,22735.0,22492.0,22751.0,22485.0,22494.0,22960.0,22620.0,22556.0,22779.0,22568.0,22789.0,22723.0,22481.0,22567.0,22634.0,22528.0,22954.0,22423.0,22769.0,22442.0,22589.0
722.4161117963804,9025.0,0.0,22867.0,22866.0,22806.0,22707.0,22599.0,23010.0,22708.0,23137.0,22857.0,22901.0,22748.0,22693.0,22760.0,22850.0,22886.0,22868.0,22748.0,22823.0,23028.0,22800.0,22858.0
723.2859041068879,8768.0,0.0,22902.0,22716.0,22793.0,22685.0,22523.0,22981.0,22669.0,22847.0,22858.0,22955.0,22879.0,22828.0,22663.0,22762.0,22592.0,22899.0,22974.0,22592.0,22731.0,22946.0,22715.0
724.1548406049272,8597.0,0.0,22991.0,22821.0,22746.0,22647.0,22700.0,22885.0,22901.0,22429.0,22934.0,23096.0,22997.0,22764.0,22934.0,22824.0,22946.0,22695.0,22874.0,22602.0,22954.0,23028.0,22894.0
725.0229230734274,8252.0,0.0,23213.0,22784.0,23081.0,23170.0,22805.0,22967.0,22970.0,22708.0,22715.0,22707.0,23001.0,22726.0,22796.0,23064.0,22741.0,22732.0,23178.0,23084.0,23052.0,22786.0,23210.0
725.8901533960103,8031.0,0.0,22600.0,22791.0,22947.0,22539.0,22660.0,22797.0,22698.0,22975.0,22617.0,22776.0,22851.0,22559.0,22459.0,22611.0,22622.0,22652.0,22687.0,22891.0,22682.0,22847.0,22683.0
726.7565335580907,7863.0,0.0,22741.0,22422.0,22824.0,22425.0,22432.0,22585.0,22512.0,22501.0,22774.0,22376.0,22444.0,22251.0,22605.0,22596.0,22849.0,22545.0,22598.0,22385.0,22799.0,22316.0,22733.0
727.622065647981,7516.0,0.0,22414.0,22166.0,22448.0,22209.0,22356.0,22189.0,22513.0,22279.0,22418.0,22277.0,22316.0,22457.0,22505.0,22312.0,22514.0,22195.0,22272.0,22514.0,22442.0,22447.0,22162.0
728.4867518579933,7201.0,0.0,22532.0,22279.0,22516.0,22436.0,22339.0,22593.0,22514.0,22686.0,22587.0,22504.0,22578.0,22191.0,22254.0,22656.0,22700.0,22521.0,22490.0,22609.0,22299.0,22704.0,22380.0
729.3505944855431,7028.0,0.0,22365.0,22446.0,22531.0,22348.0,22493.0,22449.0,22719.0,22420.0,22488.0,22478.0,22066.0,22271.0,22335.0,22618.0,22310.0,22418.0,22305.0,22390.0,22395.0,22474.0,22592.0
730.2135959342502,6768.0,0.0,22212.0,22110.0,22261.0,22279.0,22308.0,22185.0,22379.0,22026.0,22162.0,22116.0,21849.0,22134.0,22085.0,22330.0,22307.0,22449.0,22229.0,22141.0,22024.0,22326.0,22117.0
731.0757587150439,6650.0,0.0,22105.0,21971.0,22055.0,21985.0,22319.0,21700.0,21958.0,21899.0,21837.0,21816.0,21986.0,22210.0,21822.0,21782.0,21858.0,21964.0,22209.0,21981.0,21737.0,22009.0,21975.0
731.9370854472637,6427.0,0.0,21679.0,21934.0,22129.0,21779.0,22169.0,21859.0,21997.0,21875.0,21917.0,21928.0,22088.0,21948.0,21969.0,21857.0,21941.0,21988.0,21760.0,21982.0,21755.0,22266.0,22170.0
732.7975788597632,6248.0,0.0,21646.0,21386.0,21837.0,21583.0,21735.0,21571.0,21630.0,21419.0,21380.0,21378.0,21583.0,21547.0,21356.0,21710.0,21696.0,21621.0,21494.0,21463.0,21533.0,21585.0,21535.0
733.6572417920133,6124.0,0.0,21005.0,21005.0,20954.0,21078.0,20921.0,21046.0,21064.0,21221.0,21129.0,21090.0,21129.0,21241.0,20997.0,21072.0,21138.0,21162.0,20907.0,21196.0,21094.0,21308.0,21047.0
734.5160771952039,5846.0,0.0,21188.0,21272.0,21272.0,21262.0,21358.0,21316.0,21102.0,21104.0,21317.0,21187.0,21375.0,21332.0,21178.0,21450.0,21382.0,21316.0,21011.0,21391.0,21212.0,21202.0,21221.0
735.3740881333473,5537.0,0.0,21486.0,21373.0,21183.0,20999.0,21215.0,20895.0,21255.0,21283.0,21202.0,21127.0,21168.0,20940.0,21114.0,21147.0,21162.0,21126.0,21069.0,21265.0,21042.0,21268.0,21134.0
736.2312777843805,5451.0,0.0,20522.0,20767.0,20879.0,20721.0,20753.0,21023.0,20819.0,20853.0,20880.0,20929.0,20621.0,20803.0,20675.0,20967.0,20713.0,20757.0,20604.0,20650.0,20720.0,20856.0,20687.0
737.0876494412691,5274.0,0.0,20240.0,20131.0,20234.0,20114.0,20251.0,20263.0,20319.0,20292.0,20185.0,20103.0,20207.0,20027.0,20061.0,20294.0,19908.0,20065.0,19975.0,20241.0,20059.0,20104.0,20125.0
737.9432065131094,5128.0,0.0,20201.0,20147.0,20044.0,20263.0,20081.0,20232.0,20135.0,20189.0,20393.0,20123.0,20002.0,20166.0,20236.0,20434.0,20042.0,20119.0,20284.0,20330.0,20295.0,20170.0,20339.0
738.7979525262306,4951.0,0.0,19612.0,19585.0,19766.0,19560.0,19606.0,19776.0,19580.0,19753.0,19617.0,19671.0,19597.0,19527.0,19641.0,19721.0,19715.0,19794.0,19582.0,19447.0,19495.0,19476.0,19550.0
739.6518911252995,4844.0,0.0,19287.0,19225.0,19694.0,19428.0,19241.0,19639.0,19481.0,19391.0,19390.0,19280.0,19300.0,19277.0,19292.0,19218.0,19401.0,19312.0,19381.0,19049.0,19205.0,19494.0,19269.0
740.5050260744199,4611.0,0.0,18711.0,18765.0,18907.0,18781.0,18769.0,18847.0,18668.0,18777.0,18822.0,18636.0,18600.0,18649.0,18701.0,18694.0,18907.0,18875.0,18845.0,18621.0,18583.0,18717.0,18590.0
741.35736125824,4485.0,0.0,18291.0,18413.0,18224.0,18248.0,18400.0,18268.0,18152.0,18191.0,18505.0,18191.0,18230.0,18071.0,18001.0,18261.0,18255.0,18337.0,18383.0,18330.0,18213.0,18346.0,18182.0
742.2089006830511,4344.0,0.0,17862.0,17657.0,17951.0,18007.0,17703.0,17804.0,17834.0,17901.0,17978.0,17735.0,17922.0,17852.0,17830.0,17831.0,17649.0,17819.0,17715.0,17814.0,17912.0,17869.0,17985.0
743.0596484778926,4265.0,0.0,17255.0,17204.0,17354.0,17535.0,17489.0,17336.0,17464.0,17418.0,17242.0,17420.0,17388.0,17342.0,17305.0,17408.0,17284.0,17459.0,17212.0,17560.0,17257.0,17377.0,17213.0
743.909608895654,4173.0,0.0,16954.0,17030.0,17184.0,17059.0,16818.0,16994.0,17143.0,17035.0,17049.0,17126.0,16984.0,16879.0,16883.0,16746.0,16926.0,16918.0,17010.0,16890.0,17205.0,17216.0,17044.0
744.7587863141783,3938.0,0.0,16679.0,16591.0,16707.0,16773.0,16555.0,16583.0,16663.0,16775.0,16721.0,16562.0,16689.0,16658.0,16808.0,16513.0,16586.0,16559.0,16781.0,16588.0,16706.0,16763.0,16666.0
745.6071852373645,3821.0,0.0,15680.0,15946.0,15802.0,15730.0,15860.0,15895.0,15973.0,15848.0,15697.0,15977.0,15938.0,15828.0,15802.0,15763.0,15784.0,15869.0,15803.0,15809.0,16060.0,15859.0,15658.0
746.4548102962704,3745.0,0.0,15470.0,15846.0,15720.0,15537.0,15428.0,15582.0,15636.0,15496.0,15525.0,15648.0,15633.0,15671.0,15749.0,15530.0,15575.0,15470.0,15343.0,15695.0,15610.0,15414.0,15700.0
747.3016662502146,3580.0,0.0,14909.0,15029.0,14977.0,14971.0,14998.0,14951.0,14832.0,14748.0,14962.0,14901.0,14966.0,14904.0,14906.0,15079.0,15048.0,14836.0,14790.0,15138.0,15067.0,14822.0,15046.0
748.1477579878809,3369.0,0.0,14480.0,14368.0,14473.0,14674.0,14411.0,14315.0,14430.0,14468.0,14419.0,14420.0,14535.0,14499.0,14563.0,14566.0,14474.0,14428.0,14624.0,14436.0,14518.0,14405.0,14592.0
748.9930905284202,3261.0,0.0,13988.0,14210.0,14108.0,13909.0,14171.0,14250.0,14146.0,14102.0,14191.0,14013.0,14144.0,14013.0,14108.0,14183.0,13843.0,14027.0,14089.0,14112.0,14166.0,14008.0,13989.0
749.8376690225527,3275.0,0.0,13834.0,14085.0,13822.0,13877.0,13757.0,13758.0,13644.0,13898.0,13632.0,13620.0,13790.0,13755.0,13728.0,13669.0,13734.0,13868.0,13672.0,13999.0,14056.0,13665.0,13658.0
750.6814987536728,3066.0,0.0,13499.0,13632.0,13660.0,13585.0,13596.0,13489.0,13426.0,13446.0,13575.0,13329.0,13430.0,13285.0,13535.0,13527.0,13312.0,13708.0,13771.0,13666.0,13589.0,13392.0,13499.0
751.5245851389489,3050.0,0.0,13571.0,13467.0,13462.0,13557.0,13478.0,13506.0,13586.0,13384.0,13575.0,13278.0,13480.0,13391.0,13630.0,13561.0,13260.0,13209.0,13451.0,13591.0,13578.0,13607.0,13346.0
752.3669337304285,2863.0,0.0,12953.0,13049.0,13247.0,12987.0,12927.0,12948.0,13000.0,13157.0,12984.0,12947.0,12978.0,13045.0,12814.0,12842.0,12796.0,12955.0,13010.0,13045.0,12980.0,12961.0,13127.0
753.2085502161406,2832.0,0.0,12570.0,12752.0,12703.0,12816.0,12402.0,12708.0,12656.0,12501.0,12677.0,12712.0,12708.0,12706.0,12674.0,12847.0,12628.0,12682.0,12674.0,12721.0,12479.0,12602.0,12874.0
754.0494404211977,2750.0,0.0,12296.0,12489.0,12427.0,12504.0,12163.0,12417.0,12324.0,12165.0,12287.0,12507.0,12497.0,12225.0,12434.0,12318.0,12350.0,12349.0,12254.0,12412.0,12399.0,12559.0,12346.0
754.889610308899,2689.0,0.0,12415.0,12396.0,12417.0,12545.0,12523.0,12556.0,12517.0,12250.0,12528.0,12184.0,12399.0,12441.0,12493.0,12273.0,12304.0,12311.0,12340.0,12299.0,12320.0,12371.0,12355.0
755.7290659818345,2636.0,0.0,12043.0,11966.0,12062.0,12186.0,11995.0,12187.0,12100.0,12150.0,12121.0,12215.0,11989.0,12126.0,12315.0,11996.0,12220.0,12039.0,12215.0,12135.0,12184.0,12228.0,12010.0
756.567813682985,2450.0,0.0,11853.0,11862.0,11992.0,11804.0,11948.0,11845.0,12000.0,11787.0,11876.0,11869.0,11964.0,11888.0,11848.0,11896.0,11927.0,11977.0,11852.0,11887.0,12001.0,11770.0,11736.0
757.4058597968277,2440.0,0.0,11517.0,11662.0,11667.0,11699.0,11594.0,11816.0,11801.0,11738.0,11806.0,11620.0,11755.0,11718.0,11628.0,11752.0,11707.0,11696.0,11689.0,11668.0,11610.0,11669.0,11720.0
758.2432108504368,2398.0,0.0,11354.0,11653.0,11565.0,11492.0,11546.0,11463.0,11647.0,11513.0,11772.0,11748.0,11597.0,11512.0,11476.0,11605.0,11462.0,11623.0,11619.0,11498.0,11523.0,11487.0,11712.0
759.0798735145884,2256.0,0.0,11607.0,11460.0,11566.0,11481.0,11379.0,11447.0,11541.0,11515.0,11501.0,11412.0,11439.0,11448.0,11314.0,11642.0,11294.0,11464.0,11484.0,11538.0,11451.0,11407.0,11408.0
759.9158546048615,2247.0,0.0,11166.0,11275.0,11319.0,11286.0,11244.0,11143.0,11308.0,11231.0,11252.0,11236.0,11204.0,11179.0,11230.0,11274.0,11111.0,11205.0,11233.0,11318.0,11159.0,11195.0,11290.0
760.7511610827416,2088.0,0.0,11227.0,11099.0,11412.0,11334.0,11231.0,11091.0,11169.0,10986.0,11359.0,11149.0,11258.0,11130.0,11137.0,11230.0,11191.0,11284.0,11191.0,11340.0,11184.0,11138.0,11156.0
761.5858000567241,1967.0,0.0,11356.0,11322.0,11335.0,11299.0,11234.0,11236.0,11310.0,11162.0,11241.0,11227.0,11322.0,11372.0,11212.0,11278.0,11099.0,11365.0,11227.0,11360.0,11255.0,11248.0,11208.0
762.4197787834157,2051.0,0.0,11055.0,10879.0,11084.0,11003.0,11077.0,11222.0,10912.0,10929.0,11155.0,10888.0,11049.0,10943.0,10981.0,11089.0,10979.0,11236.0,10938.0,11211.0,11187.0,10988.0,10966.0
763.2531046686379,1901.0,0.0,10765.0,10762.0,10922.0,10576.0,10879.0,10718.0,10697.0,10700.0,10760.0,10708.0,10807.0,10751.0,10859.0,10916.0,10662.0,10654.0,10732.0,10684.0,10774.0,10725.0,10787.0
764.0857852685306,1881.0,0.0,10805.0,11091.0,11113.0,10779.0,10853.0,10878.0,10892.0,10791.0,10937.0,10937.0,10820.0,10957.0,10953.0,10862.0,10863.0,10891.0,11007.0,10967.0,10660.0,10957.0,10983.0
764.9178282906533,1799.0,0.0,11026.0,10765.0,11272.0,10888.0,11032.0,10864.0,10994.0,10870.0,10896.0,10776.0,10867.0,11125.0,10874.0,10951.0,10752.0,10825.0,10923.0,10794.0,10920.0,10761.0,10867.0
765.7492415950894,1772.0,0.0,10656.0,10666.0,10805.0,10767.0,10586.0,10608.0,10648.0,10645.0,10660.0,10447.0,10543.0,10582.0,10646.0,10598.0,10524.0,10494.0,10674.0,10646.0,10580.0,10616.0,10634.0
766.580033195548,1673.0,0.0,10682.0,10664.0,10712.0,10671.0,10654.0,10777.0,10584.0,10599.0,10720.0,10598.0,10718.0,10539.0,10661.0,10582.0,10536.0,10537.0,10695.0,10658.0,10664.0,10610.0,10569.0
767.4102112604673,1602.0,0.0,10447.0,10405.0,10456.0,10376.0,10452.0,10637.0,10452.0,10435.0,10437.0,10447.0,10608.0,10552.0,10540.0,10473.0,10407.0,10374.0,10410.0,10446.0,10348.0,10448.0,10460.0
768.2397841141169,1510.0,0.0,10470.0,10399.0,10482.0,10397.0,10673.0,10521.0,10597.0,10568.0,10383.0,10506.0,10515.0,10529.0,10485.0,10557.0,10344.0,10600.0,10524.0,10659.0,10470.0,10566.0,10467.0
769.0687602377014,1549.0,0.0,10077.0,10177.0,10193.0,10351.0,10104.0,10221.0,10316.0,10139.0,10146.0,10204.0,10302.0,10179.0,10101.0,10338.0,10027.0,10216.0,10191.0,10115.0,10277.0,10151.0,10202.0
769.8971482704616,1494.0,0.0,10206.0,10335.0,10280.0,10490.0,10429.0,10174.0,10390.0,10272.0,10408.0,10395.0,10339.0,10119.0,10452.0,10329.0,10288.0,10476.0,10306.0,10363.0,10275.0,10224.0,10396.0
770.7249570107795,1423.0,0.0,10318.0,10163.0,10429.0,10232.0,10108.0,10097.0,10405.0,10107.0,10336.0,10450.0,10309.0,10168.0,10351.0,10452.0,10380.0,10204.0,10260.0,10271.0,10303.0,10277.0,10120.0
771.5521954172796,1404.0,0.0,10050.0,10154.0,10266.0,10175.0,10007.0,10076.0,10172.0,10147.0,10047.0,10142.0,10176.0,10113.0,10250.0,10245.0,10024.0,10055.0,10208.0,10175.0,10117.0,9983.0,10005.0
772.3788726099319,1309.0,0.0,10080.0,10278.0,10269.0,10138.0,9986.0,10177.0,10201.0,9994.0,10013.0,10138.0,10257.0,10052.0,10085.0,10106.0,10072.0,10129.0,10159.0,10128.0,10026.0,9990.0,10000.0
773.204997871155,1315.0,0.0,10416.0,10287.0,10509.0,10445.0,10353.0,10489.0,10384.0,10357.0,10390.0,10261.0,10520.0,10484.0,10327.0,10388.0,10466.0,10411.0,10296.0,10436.0,10468.0,10354.0,10164.0
774.0305806469189,1279.0,0.0,9915.0,9882.0,9940.0,9849.0,9951.0,9953.0,9859.0,9860.0,9994.0,10225.0,9986.0,9747.0,9793.0,10052.0,9960.0,9802.0,9910.0,9830.0,10048.0,10012.0,9814.0
774.8556305478479,1216.0,0.0,9991.0,10045.0,10084.0,9942.0,9940.0,9975.0,9966.0,9955.0,10186.0,9984.0,9857.0,9938.0,9945.0,9959.0,9937.0,10014.0,9863.0,10017.0,10107.0,9933.0,9977.0
775.6801573503224,1099.0,0.0,10017.0,9902.0,10255.0,10095.0,10100.0,10043.0,10106.0,10013.0,10182.0,9958.0,10022.0,10087.0,10181.0,10158.0,10035.0,10096.0,10026.0,10238.0,10056.0,9945.0,9942.0
776.5041709975833,1143.0,0.0,10153.0,10171.0,10127.0,9996.0,9910.0,10172.0,10070.0,10064.0,10208.0,10122.0,10056.0,10109.0,10127.0,10231.0,10038.0,10131.0,10076.0,10070.0,9955.0,10109.0,9939.0
777.3276816008341,1156.0,0.0,10044.0,10059.0,10016.0,10118.0,10072.0,9925.0,10074.0,10065.0,10046.0,9969.0,10092.0,10021.0,9914.0,10150.0,9828.0,9967.0,10132.0,10002.0,10014.0,10039.0,10020.0
778.1506994403426,1058.0,0.0,10048.0,9969.0,10116.0,10114.0,10270.0,10154.0,10148.0,9958.0,10110.0,9886.0,10277.0,10240.0,10064.0,10169.0,10072.0,10097.0,9952.0,10129.0,10049.0,10072.0,9989.0
778.9732349665461,1045.0,0.0,10084.0,9902.0,10084.0,9906.0,9937.0,10016.0,10084.0,10027.0,10106.0,9972.0,10079.0,10090.0,10049.0,9985.0,10090.0,10016.0,9897.0,10061.0,10065.0,9977.0,9842.0
779.7952988011515,974.0,0.0,9736.0,9675.0,9889.0,9692.0,9822.0,9782.0,9875.0,9892.0,9849.0,9859.0,9648.0,9854.0,9909.0,9896.0,9819.0,9704.0,9821.0,9784.0,9892.0,9696.0,9763.0
780.6169017382404,966.0,0.0,9946.0,9825.0,9903.0,9888.0,9977.0,10008.0,9876.0,9910.0,9951.0,10021.0,9941.0,9955.0,9768.0,9919.0,9600.0,9734.0,9779.0,9755.0,9991.0,9880.0,9834.0
781.4380547453702,901.0,0.0,9960.0,9952.0,9801.0,9700.0,9742.0,9828.0,9828.0,9762.0,10008.0,9850.0,9813.0,9952.0,9712.0,9853.0,9654.0,9638.0,9823.0,9818.0,9709.0,9785.0,9903.0
782.2587689646784,926.0,0.0,9642.0,9674.0,9726.0,9514.0,9763.0,9649.0,9701.0,9752.0,9667.0,9488.0,9742.0,9653.0,9720.0,9831.0,9589.0,9512.0,9718.0,9656.0,9747.0,9570.0,9557.0
783.0790557139841,847.0,0.0,9846.0,9680.0,9810.0,9855.0,9946.0,9941.0,9911.0,9914.0,9812.0,9743.0,9868.0,10039.0,9886.0,9821.0,9849.0,9803.0,9819.0,9864.0,9886.0,9863.0,9808.0
783.8989264878913,789.0,0.0,9736.0,9548.0,9674.0,9621.0,9864.0,9659.0,9791.0,9571.0,9745.0,9782.0,9739.0,9609.0,9712.0,9813.0,9581.0,9608.0,9625.0,9809.0,9550.0,9654.0,9653.0
784.7183929588922,793.0,0.0,9732.0,9696.0,9787.0,9698.0,9771.0,9869.0,9714.0,9768.0,9782.0,9650.0,9857.0,9787.0,9673.0,9762.0,9725.0,9679.0,9695.0,9619.0,9622.0,9606.0,9616.0
785.5374669784693,698.0,0.0,9906.0,9673.0,9845.0,9904.0,9760.0,9870.0,9791.0,9776.0,9878.0,9827.0,9838.0,9907.0,9871.0,9851.0,9764.0,9828.0,9722.0,9891.0,9755.0,9755.0,9736.0
786.356160578198,681.0,0.0,9612.0,9596.0,9603.0,9603.0,9584.0,9651.0,9626.0,9680.0,9713.0,9604.0,9746.0,9518.0,9580.0,9706.0,9527.0,9446.0,9464.0,9784.0,9630.0,9507.0,9601.0
787.1744859708506,675.0,0.0,9694.0,9789.0,9839.0,9695.0,9861.0,9760.0,9871.0,9807.0,9899.0,9826.0,9824.0,9852.0,9867.0,9822.0,9842.0,9840.0,9688.0,9894.0,9838.0,9927.0,9751.0
787.9924555514981,650.0,0.0,9774.0,9689.0,9733.0,9801.0,9693.0,9721.0,9587.0,9852.0,9723.0,9698.0,9697.0,9702.0,9773.0,9770.0,9572.0,9774.0,9641.0,9896.0,9565.0,9748.0,9604.0
788.810081898613,636.0,0.0,9737.0,9718.0,9873.0,9616.0,9772.0,9575.0,9674.0,9900.0,9962.0,9760.0,9776.0,9760.0,9740.0,9642.0,9803.0,9703.0,9618.0,9831.0,9764.0,9631.0,9664.0
789.6273777751728,695.0,0.0,9866.0,9884.0,10014.0,9889.0,10049.0,10100.0,10174.0,10035.0,10042.0,9921.0,10031.0,10004.0,9944.0,9957.0,10033.0,9830.0,9990.0,9933.0,9972.0,9949.0,9726.0
790.4443561297619,557.0,0.0,9932.0,9897.0,9836.0,9618.0,9724.0,9777.0,9890.0,9863.0,9828.0,9810.0,9791.0,9663.0,9861.0,9769.0,9753.0,9741.0,9623.0,9828.0,9676.0,9864.0,9761.0
791.2610300976754,554.0,0.0,9588.0,9606.0,9598.0,9486.0,9759.0,9515.0,9586.0,9515.0,9665.0,9558.0,9621.0,9511.0,9654.0,9566.0,9603.0,9427.0,9597.0,9608.0,9450.0,9599.0,9490.0
792.0774130020209,572.0,0.0,9787.0,9797.0,9809.0,9725.0,9892.0,9833.0,9927.0,9864.0,10068.0,9796.0,9981.0,9810.0,9917.0,9963.0,9882.0,9859.0,9863.0,9972.0,9880.0,9868.0,9769.0
792.8935183548219,530.0,0.0,9537.0,9675.0,9776.0,9513.0,9602.0,9773.0,9601.0,9547.0,9755.0,9495.0,9546.0,9530.0,9898.0,9469.0,9510.0,9545.0,9464.0,9550.0,9626.0,9618.0,9548.0
793.7093598581208,572.0,0.0,9457.0,9469.0,9497.0,9505.0,9529.0,9466.0,9621.0,9577.0,9553.0,9529.0,9569.0,9424.0,9488.0,9495.0,9531.0,9520.0,9549.0,9753.0,9693.0,9470.0,9263.0
794.5249514050811,514.0,0.0,9323.0,9381.0,9417.0,9398.0,9399.0,9462.0,9558.0,9446.0,9560.0,9368.0,9578.0,9310.0,9379.0,9448.0,9297.0,9538.0,9469.0,9444.0,9557.0,9445.0,9268.0
795.3403070810905,473.0,0.0,9460.0,9258.0,9383.0,9307.0,9499.0,9496.0,9453.0,9410.0,9443.0,9466.0,9445.0,9285.0,9300.0,9290.0,9172.0,9452.0,9228.0,9580.0,9295.0,9321.0,9363.0
796.1554411648636,487.0,0.0,9383.0,9242.0,9413.0,9392.0,9467.0,9623.0,9427.0,9511.0,9448.0,9354.0,9413.0,9508.0,9595.0,9334.0,9360.0,9531.0,9299.0,9418.0,9420.0,9463.0,9515.0
796.9703681295454,427.0,0.0,9512.0,9499.0,9478.0,9547.0,9419.0,9535.0,9507.0,9547.0,9548.0,9416.0,9395.0,9463.0,9481.0,9544.0,9501.0,9280.0,9325.0,9496.0,9424.0,9547.0,9439.0
797.7851026438129,427.0,0.0,9509.0,9355.0,9459.0,9395.0,9350.0,9435.0,9555.0,9501.0,9587.0,9459.0,9541.0,9437.0,9318.0,9463.0,9410.0,9378.0,9255.0,9551.0,9522.0,9494.0,9376.0
798.5996595729785,416.0,0.0,9462.0,9521.0,9504.0,9516.0,9436.0,9453.0,9500.0,9575.0,9631.0,9603.0,9498.0,9432.0,9363.0,9531.0,9254.0,9459.0,9535.0,9502.0,9497.0,9399.0,9370.0
799.414053980093,442.0,0.0,9714.0,9847.0,9567.0,9602.0,9696.0,9808.0,9835.0,9610.0,9714.0,9755.0,9729.0,9547.0,9788.0,9707.0,9675.0,9544.0,9704.0,9687.0,9641.0,9775.0,9681.0
800.2283011270483,430.0,0.0,9609.0,9477.0,9425.0,9387.0,9567.0,9540.0,9761.0,9467.0,9527.0,9577.0,9521.0,9328.0,9325.0,9512.0,9423.0,9475.0,9547.0,9513.0,9552.0,9422.0,9360.0
801.04241647568,391.0,0.0,10124.0,10023.0,9959.0,10088.0,10194.0,10104.0,10127.0,10019.0,10247.0,9980.0,10110.0,10149.0,9984.0,10089.0,10166.0,10011.0,10138.0,10184.0,10002.0,9999.0,10069.0
801.8564156888706,363.0,0.0,9782.0,9732.0,9735.0,9662.0,9797.0,9718.0,9886.0,9796.0,9713.0,9547.0,9698.0,9721.0,9549.0,9709.0,9586.0,9718.0,9895.0,9832.0,9732.0,9698.0,9569.0
802.6703146316513,352.0,0.0,9547.0,9436.0,9512.0,9436.0,9617.0,9555.0,9555.0,9593.0,9634.0,9443.0,9540.0,9570.0,9495.0,9398.0,9515.0,9497.0,9491.0,9547.0,9547.0,9561.0,9404.0
803.4841293723066,314.0,0.0,9565.0,9567.0,9487.0,9535.0,9545.0,9581.0,9822.0,9650.0,9443.0,9638.0,9577.0,9397.0,9554.0,9460.0,9716.0,9521.0,9694.0,9680.0,9568.0,9462.0,9512.0
804.297876183475,276.0,0.0,9581.0,9480.0,9404.0,9535.0,9428.0,9544.0,9675.0,9522.0,9596.0,9507.0,9561.0,9503.0,9310.0,9363.0,9569.0,9401.0,9369.0,9509.0,9552.0,9468.0,9583.0
805.1115715432536,290.0,0.0,9444.0,9402.0,9462.0,9474.0,9482.0,9505.0,9684.0,9563.0,9585.0,9371.0,9611.0,9372.0,9538.0,9525.0,9607.0,9635.0,9515.0,9505.0,9489.0,9528.0,9466.0
805.9252321362995,275.0,0.0,9359.0,9318.0,9276.0,9281.0,9356.0,9508.0,9457.0,9396.0,9538.0,9420.0,9362.0,9199.0,9294.0,9196.0,9243.0,9297.0,9148.0,9427.0,9373.0,9431.0,9315.0
806.7388748549341,262.0,0.0,9408.0,9343.0,9387.0,9415.0,9484.0,9509.0,9569.0,9393.0,9285.0,9463.0,9325.0,9199.0,9164.0,9352.0,9295.0,9308.0,9341.0,9378.0,9444.0,9315.0,9377.0
807.5525168002439,279.0,0.0,9588.0,9662.0,9705.0,9680.0,9725.0,9661.0,9764.0,9768.0,9740.0,9498.0,9716.0,9545.0,9631.0,9657.0,9713.0,9654.0,9520.0,9802.0,9672.0,9632.0,9673.0
808.3661752831857,297.0,0.0,9378.0,9297.0,9407.0,9420.0,9234.0,9490.0,9344.0,9340.0,9328.0,9502.0,9370.0,9261.0,9329.0,9346.0,9375.0,9362.0,9278.0,9368.0,9246.0,9516.0,9313.0
809.1798678256871,171.0,0.0,9644.0,9758.0,9589.0,9506.0,9519.0,9593.0,9917.0,9602.0,9675.0,9531.0,9639.0,9585.0,9605.0,9569.0,9604.0,9586.0,9511.0,9705.0,9635.0,9583.0,9564.0
809.9936121617511,211.0,0.0,9293.0,9304.0,9230.0,9302.0,9294.0,9402.0,9357.0,9343.0,9455.0,9385.0,9338.0,9188.0,9251.0,9286.0,9389.0,9403.0,9430.0,9559.0,9370.0,9321.0,9382.0
810.8074262385579,195.0,0.0,9300.0,9403.0,9401.0,9422.0,9335.0,9425.0,9525.0,9346.0,9345.0,9322.0,9500.0,9453.0,9305.0,9293.0,9425.0,9338.0,9184.0,9424.0,9361.0,9334.0,9375.0
811.6213282175677,148.0,0.0,9595.0,9617.0,9637.0,9680.0,9708.0,9654.0,9787.0,9615.0,9663.0,9750.0,9602.0,9614.0,9735.0,9402.0,9735.0,9600.0,9600.0,9669.0,9589.0,9574.0,9615.0
812.4353364756246,225.0,0.0,9284.0,9332.0,9226.0,9344.0,9345.0,9150.0,9308.0,9424.0,9258.0,9362.0,9309.0,9197.0,9368.0,9258.0,9230.0,9268.0,9146.0,9453.0,9425.0,9301.0,9275.0
813.2494696060575,186.0,0.0,9412.0,9469.0,9414.0,9213.0,9264.0,9242.0,9587.0,9409.0,9496.0,9454.0,9299.0,9382.0,9403.0,9218.0,9390.0,9175.0,9292.0,9528.0,9351.0,9317.0,9304.0
814.0637464197844,193.0,0.0,9410.0,9360.0,9328.0,9339.0,9468.0,9343.0,9419.0,9305.0,9273.0,9419.0,9251.0,9124.0,9200.0,9221.0,9275.0,9285.0,9342.0,9424.0,9426.0,9398.0,9293.0
814.8781859464154,183.0,0.0,9087.0,9095.0,9001.0,9053.0,9078.0,9115.0,9141.0,9188.0,9088.0,9131.0,8999.0,9029.0,8919.0,8955.0,9011.0,9110.0,9046.0,9088.0,9092.0,9073.0,8959.0
815.6928074353541,211.0,0.0,9428.0,9280.0,9198.0,9394.0,9286.0,9416.0,9407.0,9422.0,9345.0,9305.0,9339.0,9316.0,9310.0,9280.0,9345.0,9344.0,9408.0,9486.0,9333.0,9321.0,9328.0
816.5076303569011,137.0,0.0,9251.0,9312.0,9376.0,9268.0,9200.0,9425.0,9406.0,9300.0,9407.0,9255.0,9189.0,9231.0,9292.0,9131.0,9189.0,9235.0,9121.0,9471.0,9258.0,9296.0,9295.0
817.3226744033582,185.0,0.0,9225.0,9208.0,9133.0,9157.0,9271.0,9373.0,9391.0,9230.0,9288.0,9167.0,9262.0,9266.0,9226.0,9251.0,9269.0,9312.0,9298.0,9316.0,9281.0,9155.0,9321.0
818.1379594901282,149.0,0.0,9509.0,9357.0,9448.0,9341.0,9522.0,9370.0,9589.0,9482.0,9587.0,9496.0,9407.0,9393.0,9337.0,9279.0,9297.0,9533.0,9324.0,9593.0,9421.0,9445.0,9329.0
818.9535057568207,123.0,0.0,9416.0,9314.0,9292.0,9280.0,9294.0,9261.0,9535.0,9348.0,9401.0,9414.0,9186.0,9311.0,9298.0,9398.0,9368.0,9479.0,9189.0,9533.0,9251.0,9454.0,9438.0
819.7693335683525,117.0,0.0,9336.0,9341.0,9107.0,9289.0,9302.0,9330.0,9322.0,9114.0,9214.0,9280.0,9407.0,9229.0,9180.0,9238.0,9316.0,9215.0,9171.0,9344.0,9279.0,9297.0,9192.0
820.5854635160523,84.0,0.0,9282.0,9122.0,9012.0,9158.0,9021.0,9142.0,9291.0,9150.0,9187.0,9032.0,9161.0,9041.0,9133.0,9232.0,9068.0,9214.0,9221.0,9149.0,9202.0,9249.0,9165.0
821.401916418763,155.0,0.0,9295.0,9298.0,9196.0,9345.0,9234.0,9365.0,9381.0,9272.0,9215.0,9264.0,9220.0,9222.0,9239.0,9226.0,9322.0,9313.0,9264.0,9246.0,9311.0,9330.0,9168.0
822.2187133239432,179.0,0.0,9279.0,9213.0,9273.0,9264.0,9234.0,9166.0,9369.0,9140.0,9210.0,9181.0,9132.0,9239.0,9217.0,9257.0,9232.0,9199.0,9225.0,9231.0,9288.0,9244.0,9345.0
823.0358755087719,120.0,0.0,9316.0,9335.0,9348.0,9269.0,9361.0,9466.0,9517.0,9379.0,9228.0,9396.0,9286.0,9497.0,9289.0,9241.0,9388.0,9477.0,9140.0,9381.0,9236.0,9325.0,9429.0
823.8534244812499,117.0,0.0,9297.0,9229.0,9155.0,9292.0,9097.0,9359.0,9154.0,9422.0,9312.0,9248.0,9225.0,9088.0,9168.0,9155.0,9264.0,9198.0,9307.0,9287.0,9328.0,9344.0,9090.0
824.6713819813033,81.0,0.0,9044.0,8964.0,9079.0,9125.0,9182.0,9107.0,9203.0,9161.0,9056.0,9158.0,8930.0,8939.0,8907.0,8919.0,8915.0,8914.0,8966.0,8966.0,9091.0,9146.0,9031.0
825.4897699818866,148.0,0.0,9332.0,9400.0,9207.0,9304.0,9263.0,9361.0,9408.0,9207.0,9224.0,9313.0,9261.0,9175.0,9286.0,9211.0,9449.0,9180.0,9384.0,9282.0,9398.0,9344.0,9288.0
826.3086106900842,103.0,0.0,9188.0,9322.0,9195.0,9257.0,9236.0,9367.0,9475.0,9397.0,9286.0,9164.0,9131.0,9160.0,9326.0,9332.0,9274.0,9241.0,9132.0,9291.0,9209.0,9304.0,9197.0
827.1279265482142,80.0,0.0,9166.0,9156.0,9103.0,9103.0,9079.0,9148.0,9202.0,9081.0,9135.0,9063.0,9081.0,9041.0,9073.0,9149.0,9047.0,9056.0,9218.0,9169.0,9146.0,9055.0,9068.0
827.9477402349316,109.0,0.0,9217.0,9091.0,9061.0,9040.0,9066.0,9086.0,9066.0,9028.0,9006.0,9110.0,8861.0,8842.0,9148.0,9164.0,9185.0,9008.0,9009.0,9098.0,9234.0,8998.0,9154.0
828.7680746663307,59.0,0.0,9090.0,9044.0,9135.0,9093.0,9063.0,9048.0,9090.0,9035.0,9059.0,9185.0,9157.0,9034.0,9008.0,9041.0,8989.0,9069.0,9031.0,9173.0,9095.0,9254.0,9005.0
829.5889529970465,52.0,0.0,9192.0,9175.0,9259.0,9052.0,9174.0,9143.0,9244.0,9160.0,9239.0,9081.0,9129.0,9208.0,9175.0,9266.0,9273.0,9154.0,9283.0,9164.0,9289.0,9327.0,9160.0
830.4103986213603,52.0,0.0,8974.0,9058.0,9009.0,9156.0,9121.0,8904.0,9270.0,9144.0,9054.0,9112.0,9052.0,9107.0,8976.0,9162.0,9223.0,9085.0,9246.0,9175.0,9086.0,9246.0,9030.0
831.2324351742996,51.0,0.0,9016.0,9049.0,9046.0,9081.0,8797.0,8877.0,9213.0,9029.0,9003.0,8956.0,8907.0,9032.0,8915.0,8935.0,9017.0,9084.0,8967.0,9052.0,9013.0,9106.0,8994.0
832.0550865327432,74.0,0.0,9190.0,9246.0,9083.0,9121.0,8969.0,9086.0,9070.0,9152.0,9032.0,9195.0,8940.0,8893.0,9102.0,9084.0,9267.0,9085.0,9089.0,9225.0,9279.0,9223.0,8996.0
832.8783768165229,92.0,0.0,9142.0,9147.0,9117.0,9134.0,8990.0,9013.0,9089.0,9039.0,8981.0,9135.0,9070.0,9045.0,8982.0,9182.0,9022.0,8932.0,9068.0,9109.0,9239.0,9162.0,8958.0
833.7023303895262,-8.0,0.0,9074.0,9160.0,9141.0,9149.0,9020.0,9144.0,9250.0,9009.0,9346.0,9128.0,9151.0,9150.0,9195.0,8956.0,9195.0,9147.0,9212.0,9095.0,9176.0,9196.0,9319.0
